station_id,station_name,radius_m,band,n_routes,n_destinations,n_departures,departures_per_hour,retention,grade,best_headway_min,expected_wait_min,nearest_bus_stop_m,usable
AME,Ameerpet,300,evening_peak,60,42,817,204.25,1.0,maintained,2.0338983050847457,0.1468788249694002,66.77478636827894,True
AME,Ameerpet,300,late_night,6,4,15,3.0,0.014687882496940025,collapsed,50.0,10.0,216.08493205835055,True
AME,Ameerpet,300,midday,68,46,999,166.5,0.8151774785801713,maintained,3.0,0.1801801801801802,66.77478636827894,True
AME,Ameerpet,300,morning_peak,58,37,518,172.66666666666666,0.8453692370461036,maintained,2.5,0.17374517374517376,66.77478636827894,True
AME,Ameerpet,300,night,39,27,366,122.0,0.5973072215422277,maintained,2.857142857142857,0.24590163934426237,66.77478636827894,True
AME,Ameerpet,500,evening_peak,61,45,822,205.5,1.0,maintained,2.0338983050847457,0.14598540145985398,66.77478636827894,True
AME,Ameerpet,500,late_night,7,5,17,3.4,0.01654501216545012,collapsed,50.0,8.823529411764705,216.08493205835055,True
AME,Ameerpet,500,midday,70,54,1022,170.33333333333334,0.8288726682887267,maintained,3.0,0.17612524461839532,66.77478636827894,True
AME,Ameerpet,500,morning_peak,60,44,526,175.33333333333334,0.8532035685320357,maintained,2.5,0.1711026615969582,66.77478636827894,True
AME,Ameerpet,500,night,39,32,373,124.33333333333333,0.6050283860502839,maintained,2.8125,0.2412868632707775,66.77478636827894,True
AME,Ameerpet,800,evening_peak,81,84,921,230.25,1.0,maintained,2.0168067226890756,0.13029315960912052,66.77478636827894,True
AME,Ameerpet,800,late_night,11,8,23,4.6,0.01997828447339848,collapsed,50.0,6.521739130434784,216.08493205835055,True
AME,Ameerpet,800,midday,88,87,1124,187.33333333333334,0.813608396670286,maintained,2.8346456692913384,0.1601423487544484,66.77478636827894,True
AME,Ameerpet,800,morning_peak,79,75,622,207.33333333333334,0.9004705030763663,maintained,2.5,0.1446945337620579,66.77478636827894,True
AME,Ameerpet,800,night,50,46,432,144.0,0.6254071661237784,maintained,2.608695652173913,0.20833333333333331,66.77478636827894,True
ASM,Assembly,300,evening_peak,80,61,832,208.0,1.0,maintained,3.116883116883117,0.14423076923076922,189.75387562611465,True
ASM,Assembly,300,late_night,8,7,16,3.2,0.015384615384615385,collapsed,75.0,9.375,189.75387562611465,True
ASM,Assembly,300,midday,91,64,1111,185.16666666666666,0.8902243589743589,maintained,2.7480916030534353,0.16201620162016203,189.75387562611465,True
ASM,Assembly,300,morning_peak,79,52,619,206.33333333333334,0.9919871794871795,maintained,3.1578947368421053,0.14539579967689825,189.75387562611465,True
ASM,Assembly,300,night,51,35,288,96.0,0.46153846153846156,maintained,5.806451612903226,0.3125,189.75387562611465,True
ASM,Assembly,500,evening_peak,93,81,865,216.25,1.0,maintained,2.926829268292683,0.13872832369942192,189.75387562611465,True
ASM,Assembly,500,late_night,10,9,21,4.2,0.019421965317919076,collapsed,75.0,7.142857142857143,189.75387562611465,True
ASM,Assembly,500,midday,107,80,1155,192.5,0.8901734104046243,maintained,2.727272727272727,0.15584415584415587,189.75387562611465,True
ASM,Assembly,500,morning_peak,90,76,665,221.66666666666666,1.02504816955684,maintained,3.1578947368421053,0.13533834586466167,189.75387562611465,True
ASM,Assembly,500,night,55,47,351,117.0,0.5410404624277456,maintained,5.806451612903226,0.25641025641025644,189.75387562611465,True
ASM,Assembly,800,evening_peak,109,89,994,248.5,1.0,maintained,2.608695652173913,0.12072434607645872,189.75387562611465,True
ASM,Assembly,800,late_night,15,12,53,10.6,0.04265593561368209,collapsed,23.076923076923077,2.8301886792452833,189.75387562611465,True
ASM,Assembly,800,midday,126,92,1274,212.33333333333334,0.8544600938967136,maintained,2.627737226277372,0.141287284144427,189.75387562611465,True
ASM,Assembly,800,morning_peak,105,85,722,240.66666666666666,0.9684775318578135,maintained,3.103448275862069,0.12465373961218837,189.75387562611465,True
ASM,Assembly,800,night,67,56,489,163.0,0.6559356136820925,maintained,4.090909090909091,0.18404907975460125,189.75387562611465,True
BLR,Balanagar,300,evening_peak,36,38,448,112.0,1.0,maintained,1.0810810810810811,0.2678571428571428,180.2586198489609,True
BLR,Balanagar,300,late_night,4,7,11,2.2,0.019642857142857146,collapsed,60.0,13.636363636363637,180.2586198489609,True
BLR,Balanagar,300,midday,39,47,557,92.83333333333333,0.8288690476190476,maintained,1.44,0.3231597845601436,180.2586198489609,True
BLR,Balanagar,300,morning_peak,31,36,291,97.0,0.8660714285714286,maintained,1.6363636363636365,0.30927835051546393,180.2586198489609,True
BLR,Balanagar,300,night,24,27,241,80.33333333333333,0.7172619047619048,maintained,2.0930232558139537,0.3734439834024896,180.2586198489609,True
BLR,Balanagar,500,evening_peak,55,50,583,145.75,1.0,maintained,1.0810810810810811,0.20583190394511142,180.2586198489609,True
BLR,Balanagar,500,late_night,6,8,13,2.6,0.01783876500857633,collapsed,60.0,11.538461538461538,180.2586198489609,True
BLR,Balanagar,500,midday,62,58,740,123.33333333333333,0.8461978273299028,maintained,1.3186813186813187,0.24324324324324326,180.2586198489609,True
BLR,Balanagar,500,morning_peak,47,44,371,123.66666666666667,0.8484848484848485,maintained,1.5,0.24258760107816715,180.2586198489609,True
BLR,Balanagar,500,night,37,34,291,97.0,0.6655231560891939,maintained,2.0930232558139537,0.3092783505154639,180.2586198489609,True
BLR,Balanagar,800,evening_peak,72,74,854,213.5,1.0,maintained,1.0810810810810811,0.1405152224824356,180.2586198489609,True
BLR,Balanagar,800,late_night,9,10,17,3.4,0.015925058548009366,collapsed,60.0,8.823529411764705,180.2586198489609,True
BLR,Balanagar,800,midday,87,82,1147,191.16666666666666,0.8953942232630757,maintained,1.263157894736842,0.15693112467306017,180.2586198489609,True
BLR,Balanagar,800,morning_peak,71,69,555,185.0,0.8665105386416861,maintained,1.4173228346456692,0.16216216216216217,180.2586198489609,True
BLR,Balanagar,800,night,50,48,434,144.66666666666666,0.6775956284153005,maintained,2.0930232558139537,0.20737327188940094,180.2586198489609,True
BEG,Begumpet,300,evening_peak,0,0,0,0.0,0.0,no_service,,inf,,False
BEG,Begumpet,300,late_night,0,0,0,0.0,0.0,no_service,,inf,,False
BEG,Begumpet,300,midday,0,0,0,0.0,0.0,no_service,,inf,,False
BEG,Begumpet,300,morning_peak,0,0,0,0.0,0.0,no_service,,inf,,False
BEG,Begumpet,300,night,0,0,0,0.0,0.0,no_service,,inf,,False
BEG,Begumpet,500,evening_peak,54,32,500,125.0,1.0,maintained,2.0338983050847457,0.24,318.61078016507787,True
BEG,Begumpet,500,late_night,9,4,25,5.0,0.04,collapsed,42.857142857142854,6.0,318.61078016507787,True
BEG,Begumpet,500,midday,52,38,586,97.66666666666667,0.7813333333333333,maintained,2.7906976744186047,0.30716723549488056,318.61078016507787,True
BEG,Begumpet,500,morning_peak,44,26,302,100.66666666666667,0.8053333333333333,maintained,2.608695652173913,0.29801324503311255,318.61078016507787,True
BEG,Begumpet,500,night,28,19,266,88.66666666666667,0.7093333333333334,maintained,2.4,0.33834586466165417,318.61078016507787,True
BEG,Begumpet,800,evening_peak,57,35,513,128.25,1.0,maintained,2.0338983050847457,0.23391812865497075,318.61078016507787,True
BEG,Begumpet,800,late_night,10,4,28,5.6,0.04366471734892787,collapsed,42.857142857142854,5.357142857142857,318.61078016507787,True
BEG,Begumpet,800,midday,55,40,602,100.33333333333333,0.7823261858349577,maintained,2.7906976744186047,0.29900332225913623,318.61078016507787,True
BEG,Begumpet,800,morning_peak,47,29,323,107.66666666666667,0.8395061728395062,maintained,2.4,0.2786377708978328,318.61078016507787,True
BEG,Begumpet,800,night,30,20,281,93.66666666666667,0.7303443794671866,maintained,2.4,0.3202846975088968,318.61078016507787,True
BTN,Bharat Nagar,300,evening_peak,5,7,50,12.5,1.0,maintained,12.0,2.4,179.20666021124947,True
BTN,Bharat Nagar,300,late_night,0,0,0,0.0,0.0,no_service,,inf,,False
BTN,Bharat Nagar,300,midday,5,5,55,9.166666666666666,0.7333333333333333,maintained,14.4,3.2727272727272725,179.20666021124947,True
BTN,Bharat Nagar,300,morning_peak,4,5,39,13.0,1.04,maintained,10.588235294117647,2.3076923076923075,179.20666021124947,True
BTN,Bharat Nagar,300,night,2,3,11,3.6666666666666665,0.29333333333333333,reduced,30.0,8.181818181818182,179.20666021124947,True
BTN,Bharat Nagar,500,evening_peak,45,34,529,132.25,1.0,maintained,3.0,0.2268431001890359,179.20666021124947,True
BTN,Bharat Nagar,500,late_night,4,3,5,1.0,0.007561436672967864,no_service,150.0,30.0,493.78898229928814,True
BTN,Bharat Nagar,500,midday,55,38,742,123.66666666666667,0.9350976685570259,maintained,3.870967741935484,0.24258760107816715,179.20666021124947,True
BTN,Bharat Nagar,500,morning_peak,50,34,361,120.33333333333333,0.909892879647133,maintained,4.0,0.24930747922437674,179.20666021124947,True
BTN,Bharat Nagar,500,night,31,25,223,74.33333333333333,0.5620667926906112,maintained,5.625,0.40358744394618845,179.20666021124947,True
BTN,Bharat Nagar,800,evening_peak,62,68,638,159.5,1.0,maintained,3.0,0.1880877742946708,179.20666021124947,True
BTN,Bharat Nagar,800,late_night,6,5,9,1.8,0.011285266457680252,collapsed,100.0,16.666666666666664,493.78898229928814,True
BTN,Bharat Nagar,800,midday,74,76,847,141.16666666666666,0.8850574712643677,maintained,3.6363636363636362,0.2125147579693034,179.20666021124947,True
BTN,Bharat Nagar,800,morning_peak,65,62,449,149.66666666666666,0.9383490073145245,maintained,3.6,0.20044543429844097,179.20666021124947,True
BTN,Bharat Nagar,800,night,40,48,297,99.0,0.6206896551724138,maintained,5.625,0.30303030303030304,179.20666021124947,True
CHP,Chaitanyapuri,300,evening_peak,78,32,529,132.25,1.0,maintained,5.1063829787234045,0.2268431001890359,11.36403525245405,True
CHP,Chaitanyapuri,300,late_night,3,2,5,1.0,0.007561436672967864,no_service,100.0,30.0,11.36403525245405,True
CHP,Chaitanyapuri,300,midday,70,38,710,118.33333333333333,0.8947700063011972,maintained,6.666666666666667,0.25352112676056343,11.36403525245405,True
CHP,Chaitanyapuri,300,morning_peak,90,40,412,137.33333333333334,1.0384373030875866,maintained,5.806451612903226,0.2184466019417476,11.36403525245405,True
CHP,Chaitanyapuri,300,night,52,22,205,68.33333333333333,0.516698172652804,maintained,5.806451612903226,0.43902439024390244,11.36403525245405,True
CHP,Chaitanyapuri,500,evening_peak,93,52,598,149.5,1.0,maintained,5.1063829787234045,0.20066889632107018,11.36403525245405,True
CHP,Chaitanyapuri,500,late_night,5,3,13,2.6,0.017391304347826087,collapsed,50.0,11.538461538461538,11.36403525245405,True
CHP,Chaitanyapuri,500,midday,87,54,795,132.5,0.8862876254180602,maintained,5.714285714285714,0.22641509433962267,11.36403525245405,True
CHP,Chaitanyapuri,500,morning_peak,106,62,497,165.66666666666666,1.1081382385730212,maintained,5.806451612903226,0.18108651911468812,11.36403525245405,True
CHP,Chaitanyapuri,500,night,62,31,296,98.66666666666667,0.6599777034559644,maintained,5.806451612903226,0.3040540540540541,11.36403525245405,True
CHP,Chaitanyapuri,800,evening_peak,96,54,633,158.25,1.0,maintained,5.1063829787234045,0.1895734597156398,11.36403525245405,True
CHP,Chaitanyapuri,800,late_night,5,3,13,2.6,0.016429699842022118,collapsed,50.0,11.538461538461538,11.36403525245405,True
CHP,Chaitanyapuri,800,midday,90,56,831,138.5,0.8751974723538705,maintained,5.714285714285714,0.21660649819494587,11.36403525245405,True
CHP,Chaitanyapuri,800,morning_peak,109,65,509,169.66666666666666,1.072143233280674,maintained,5.806451612903226,0.1768172888015717,11.36403525245405,True
CHP,Chaitanyapuri,800,night,63,32,307,102.33333333333333,0.6466561348077935,maintained,5.806451612903226,0.2931596091205212,11.36403525245405,True
CDP,Chikkadpally,300,evening_peak,22,17,159,39.75,1.0,maintained,8.0,0.7547169811320755,197.87727483979558,True
CDP,Chikkadpally,300,late_night,0,0,0,0.0,0.0,no_service,,inf,,False
CDP,Chikkadpally,300,midday,26,15,239,39.833333333333336,1.0020964360587004,maintained,7.346938775510204,0.7531380753138076,197.87727483979558,True
CDP,Chikkadpally,300,morning_peak,20,12,123,41.0,1.0314465408805031,maintained,6.428571428571429,0.7317073170731709,197.87727483979558,True
CDP,Chikkadpally,300,night,12,8,58,19.333333333333332,0.4863731656184486,maintained,7.5,1.551724137931035,197.87727483979558,True
CDP,Chikkadpally,500,evening_peak,39,38,338,84.5,1.0,maintained,4.615384615384615,0.3550295857988166,197.87727483979558,True
CDP,Chikkadpally,500,late_night,3,2,6,1.2,0.014201183431952662,collapsed,75.0,25.0,305.24195494359157,True
CDP,Chikkadpally,500,midday,40,35,458,76.33333333333333,0.903353057199211,maintained,4.7368421052631575,0.39301310043668125,197.87727483979558,True
CDP,Chikkadpally,500,morning_peak,37,33,266,88.66666666666667,1.04930966469428,maintained,3.6,0.33834586466165417,197.87727483979558,True
CDP,Chikkadpally,500,night,31,23,184,61.333333333333336,0.7258382642998028,maintained,5.0,0.48913043478260876,197.87727483979558,True
CDP,Chikkadpally,800,evening_peak,62,74,576,144.0,1.0,maintained,4.615384615384615,0.20833333333333331,197.87727483979558,True
CDP,Chikkadpally,800,late_night,5,4,9,1.8,0.0125,collapsed,75.0,16.666666666666668,305.24195494359157,True
CDP,Chikkadpally,800,midday,76,78,806,134.33333333333334,0.9328703703703705,maintained,4.390243902439025,0.2233250620347395,197.87727483979558,True
CDP,Chikkadpally,800,morning_peak,74,70,462,154.0,1.0694444444444444,maintained,3.4615384615384617,0.1948051948051948,197.87727483979558,True
CDP,Chikkadpally,800,night,53,42,310,103.33333333333333,0.7175925925925926,maintained,5.0,0.2903225806451613,197.87727483979558,True
DSN,Dilsukh Nagar,300,evening_peak,101,57,687,171.75,1.0,maintained,3.1578947368421053,0.17467248908296945,167.05769135223815,True
DSN,Dilsukh Nagar,300,late_night,6,4,12,2.4,0.013973799126637555,collapsed,75.0,12.5,167.05769135223815,True
DSN,Dilsukh Nagar,300,midday,95,60,960,160.0,0.9315866084425036,maintained,2.6666666666666665,0.1875,167.05769135223815,True
DSN,Dilsukh Nagar,300,morning_peak,115,70,570,190.0,1.1062590975254731,maintained,3.673469387755102,0.15789473684210528,167.05769135223815,True
DSN,Dilsukh Nagar,300,night,62,32,340,113.33333333333333,0.6598738476467734,maintained,4.615384615384615,0.2647058823529412,167.05769135223815,True
DSN,Dilsukh Nagar,500,evening_peak,101,57,687,171.75,1.0,maintained,3.1578947368421053,0.17467248908296945,167.05769135223815,True
DSN,Dilsukh Nagar,500,late_night,6,4,12,2.4,0.013973799126637555,collapsed,75.0,12.5,167.05769135223815,True
DSN,Dilsukh Nagar,500,midday,95,60,960,160.0,0.9315866084425036,maintained,2.6666666666666665,0.1875,167.05769135223815,True
DSN,Dilsukh Nagar,500,morning_peak,115,70,570,190.0,1.1062590975254731,maintained,3.673469387755102,0.15789473684210528,167.05769135223815,True
DSN,Dilsukh Nagar,500,night,62,32,340,113.33333333333333,0.6598738476467734,maintained,4.615384615384615,0.2647058823529412,167.05769135223815,True
DSN,Dilsukh Nagar,800,evening_peak,101,57,694,173.5,1.0,maintained,3.1578947368421053,0.17291066282420747,167.05769135223815,True
DSN,Dilsukh Nagar,800,late_night,7,4,15,3.0,0.01729106628242075,collapsed,50.0,10.0,167.05769135223815,True
DSN,Dilsukh Nagar,800,midday,95,60,968,161.33333333333334,0.9298751200768492,maintained,2.6666666666666665,0.18595041322314051,167.05769135223815,True
DSN,Dilsukh Nagar,800,morning_peak,116,70,572,190.66666666666666,1.0989433237271853,maintained,3.673469387755102,0.15734265734265737,167.05769135223815,True
DSN,Dilsukh Nagar,800,night,62,32,347,115.66666666666667,0.6666666666666667,maintained,4.615384615384615,0.25936599423631124,167.05769135223815,True
DGC,Durgam Cheruvu,300,evening_peak,16,17,250,62.5,1.0,maintained,2.1238938053097347,0.48,117.27432598940239,True
DGC,Durgam Cheruvu,300,late_night,2,1,12,2.4,0.0384,collapsed,33.333333333333336,12.5,117.27432598940239,True
DGC,Durgam Cheruvu,300,midday,16,15,261,43.5,0.696,maintained,2.9508196721311477,0.6896551724137933,117.27432598940239,True
DGC,Durgam Cheruvu,300,morning_peak,18,16,170,56.666666666666664,0.9066666666666666,maintained,2.4,0.5294117647058824,117.27432598940239,True
DGC,Durgam Cheruvu,300,night,8,12,115,38.333333333333336,0.6133333333333334,maintained,2.857142857142857,0.782608695652174,117.27432598940239,True
DGC,Durgam Cheruvu,500,evening_peak,16,17,250,62.5,1.0,maintained,2.1238938053097347,0.48,117.27432598940239,True
DGC,Durgam Cheruvu,500,late_night,2,1,12,2.4,0.0384,collapsed,33.333333333333336,12.5,117.27432598940239,True
DGC,Durgam Cheruvu,500,midday,16,15,265,44.166666666666664,0.7066666666666667,maintained,2.9508196721311477,0.6792452830188681,117.27432598940239,True
DGC,Durgam Cheruvu,500,morning_peak,18,16,171,57.0,0.912,maintained,2.4,0.5263157894736842,117.27432598940239,True
DGC,Durgam Cheruvu,500,night,8,12,120,40.0,0.64,maintained,2.6470588235294117,0.75,117.27432598940239,True
DGC,Durgam Cheruvu,800,evening_peak,16,17,250,62.5,1.0,maintained,2.1238938053097347,0.48,117.27432598940239,True
DGC,Durgam Cheruvu,800,late_night,2,1,12,2.4,0.0384,collapsed,33.333333333333336,12.5,117.27432598940239,True
DGC,Durgam Cheruvu,800,midday,16,15,265,44.166666666666664,0.7066666666666667,maintained,2.9508196721311477,0.6792452830188681,117.27432598940239,True
DGC,Durgam Cheruvu,800,morning_peak,18,16,171,57.0,0.912,maintained,2.4,0.5263157894736842,117.27432598940239,True
DGC,Durgam Cheruvu,800,night,8,12,120,40.0,0.64,maintained,2.6470588235294117,0.75,117.27432598940239,True
ESI,ESI Hospital,300,evening_peak,60,42,596,149.0,1.0,maintained,3.287671232876712,0.20134228187919456,18.065188311115744,True
ESI,ESI Hospital,300,late_night,3,3,5,1.0,0.006711409395973154,no_service,100.0,30.0,18.065188311115744,True
ESI,ESI Hospital,300,midday,59,41,750,125.0,0.8389261744966443,maintained,3.6,0.24000000000000005,18.065188311115744,True
ESI,ESI Hospital,300,morning_peak,50,36,406,135.33333333333334,0.9082774049217003,maintained,3.75,0.22167487684729065,18.065188311115744,True
ESI,ESI Hospital,300,night,34,22,189,63.0,0.4228187919463087,maintained,9.473684210526315,0.47619047619047616,18.065188311115744,True
ESI,ESI Hospital,500,evening_peak,67,77,675,168.75,1.0,maintained,3.037974683544304,0.17777777777777776,18.065188311115744,True
ESI,ESI Hospital,500,late_night,7,7,13,2.6,0.015407407407407408,collapsed,60.0,11.538461538461538,18.065188311115744,True
ESI,ESI Hospital,500,midday,78,78,874,145.66666666666666,0.8632098765432098,maintained,3.6,0.20594965675057209,18.065188311115744,True
ESI,ESI Hospital,500,morning_peak,70,70,474,158.0,0.9362962962962963,maintained,3.75,0.18987341772151903,18.065188311115744,True
ESI,ESI Hospital,500,night,43,46,298,99.33333333333333,0.5886419753086419,maintained,5.294117647058823,0.3020134228187919,18.065188311115744,True
ESI,ESI Hospital,800,evening_peak,82,82,853,213.25,1.0,maintained,2.0689655172413794,0.14067995310668227,18.065188311115744,True
ESI,ESI Hospital,800,late_night,10,7,22,4.4,0.02063305978898007,collapsed,50.0,6.818181818181819,18.065188311115744,True
ESI,ESI Hospital,800,midday,94,81,1073,178.83333333333334,0.838608831574834,maintained,2.88,0.16775396085740915,18.065188311115744,True
ESI,ESI Hospital,800,morning_peak,84,73,589,196.33333333333334,0.920672137553732,maintained,2.5,0.15280135823429541,18.065188311115744,True
ESI,ESI Hospital,800,night,50,48,393,131.0,0.6143024618991794,maintained,2.769230769230769,0.22900763358778628,18.065188311115744,True
IRM,Erra Manzil,300,evening_peak,53,62,509,127.25,1.0,maintained,3.380281690140845,0.23575638506876231,37.35035384609007,True
IRM,Erra Manzil,300,late_night,4,4,9,1.8,0.014145383104125737,collapsed,50.0,16.666666666666664,37.35035384609007,True
IRM,Erra Manzil,300,midday,65,60,628,104.66666666666667,0.8225278323510151,maintained,3.5294117647058822,0.28662420382165604,37.35035384609007,True
IRM,Erra Manzil,300,morning_peak,46,48,346,115.33333333333333,0.9063523248199082,maintained,3.272727272727273,0.2601156069364162,37.35035384609007,True
IRM,Erra Manzil,300,night,29,32,242,80.66666666666667,0.6339227242960053,maintained,4.285714285714286,0.3719008264462809,37.35035384609007,True
IRM,Erra Manzil,500,evening_peak,56,68,538,134.5,1.0,maintained,3.380281690140845,0.22304832713754646,37.35035384609007,True
IRM,Erra Manzil,500,late_night,4,4,9,1.8,0.013382899628252789,collapsed,50.0,16.666666666666664,37.35035384609007,True
IRM,Erra Manzil,500,midday,66,65,657,109.5,0.8141263940520446,maintained,3.5294117647058822,0.273972602739726,37.35035384609007,True
IRM,Erra Manzil,500,morning_peak,48,52,367,122.33333333333333,0.909541511771995,maintained,3.272727272727273,0.2452316076294278,37.35035384609007,True
IRM,Erra Manzil,500,night,30,34,248,82.66666666666667,0.6146220570012392,maintained,4.285714285714286,0.36290322580645157,37.35035384609007,True
IRM,Erra Manzil,800,evening_peak,91,89,882,220.5,1.0,maintained,3.380281690140845,0.1360544217687075,37.35035384609007,True
IRM,Erra Manzil,800,late_night,10,8,28,5.6,0.025396825396825397,collapsed,42.857142857142854,5.357142857142858,37.35035384609007,True
IRM,Erra Manzil,800,midday,105,89,1045,174.16666666666666,0.7898715041572184,maintained,3.5294117647058822,0.1722488038277512,37.35035384609007,True
IRM,Erra Manzil,800,morning_peak,76,67,581,193.66666666666666,0.8783068783068783,maintained,3.272727272727273,0.15490533562822723,37.35035384609007,True
IRM,Erra Manzil,800,night,57,49,407,135.66666666666666,0.6152683295540438,maintained,3.6,0.22113022113022113,37.35035384609007,True
ERA,Erragadda,300,evening_peak,70,46,635,158.75,1.0,maintained,3.3333333333333335,0.18897637795275582,99.52483618429608,True
ERA,Erragadda,300,late_night,4,3,7,1.4,0.008818897637795276,no_service,100.0,21.428571428571427,99.52483618429608,True
ERA,Erragadda,300,midday,70,48,833,138.83333333333334,0.8745406824146982,maintained,3.6363636363636362,0.21608643457382956,99.52483618429608,True
ERA,Erragadda,300,morning_peak,59,37,439,146.33333333333334,0.9217847769028872,maintained,3.673469387755102,0.2050113895216401,99.52483618429608,True
ERA,Erragadda,300,night,37,26,230,76.66666666666667,0.4829396325459318,maintained,7.5,0.3913043478260869,99.52483618429608,True
ERA,Erragadda,500,evening_peak,70,46,635,158.75,1.0,maintained,3.3333333333333335,0.18897637795275582,99.52483618429608,True
ERA,Erragadda,500,late_night,4,3,7,1.4,0.008818897637795276,no_service,100.0,21.428571428571427,99.52483618429608,True
ERA,Erragadda,500,midday,70,48,833,138.83333333333334,0.8745406824146982,maintained,3.6363636363636362,0.21608643457382956,99.52483618429608,True
ERA,Erragadda,500,morning_peak,59,37,439,146.33333333333334,0.9217847769028872,maintained,3.673469387755102,0.2050113895216401,99.52483618429608,True
ERA,Erragadda,500,night,37,26,230,76.66666666666667,0.4829396325459318,maintained,7.5,0.3913043478260869,99.52483618429608,True
ERA,Erragadda,800,evening_peak,76,79,701,175.25,1.0,maintained,3.037974683544304,0.17118402282453632,99.52483618429608,True
ERA,Erragadda,800,late_night,8,7,15,3.0,0.017118402282453638,collapsed,60.0,10.0,99.52483618429608,True
ERA,Erragadda,800,midday,87,82,912,152.0,0.8673323823109843,maintained,3.6363636363636362,0.19736842105263158,99.52483618429608,True
ERA,Erragadda,800,morning_peak,79,70,494,164.66666666666666,0.9396100808368996,maintained,3.673469387755102,0.1821862348178138,99.52483618429608,True
ERA,Erragadda,800,night,46,50,326,108.66666666666667,0.6200665715644318,maintained,5.625,0.27607361963190186,99.52483618429608,True
GAB,Gandhi Bhavan,300,evening_peak,34,20,296,74.0,1.0,maintained,3.3333333333333335,0.4054054054054055,237.05737154639922,True
GAB,Gandhi Bhavan,300,late_night,6,2,11,2.2,0.02972972972972973,collapsed,75.0,13.636363636363637,259.5359624583906,True
GAB,Gandhi Bhavan,300,midday,34,22,362,60.333333333333336,0.8153153153153153,maintained,4.864864864864865,0.4972375690607735,237.05737154639922,True
GAB,Gandhi Bhavan,300,morning_peak,28,14,179,59.666666666666664,0.8063063063063063,maintained,4.7368421052631575,0.5027932960893855,237.05737154639922,True
GAB,Gandhi Bhavan,300,night,16,15,143,47.666666666666664,0.6441441441441441,maintained,5.625,0.6293706293706294,237.05737154639922,True
GAB,Gandhi Bhavan,500,evening_peak,95,73,841,210.25,1.0,maintained,2.7586206896551726,0.14268727705112957,237.05737154639922,True
GAB,Gandhi Bhavan,500,late_night,10,6,17,3.4,0.016171224732461353,collapsed,75.0,8.823529411764705,259.5359624583906,True
GAB,Gandhi Bhavan,500,midday,93,69,1122,187.0,0.8894173602853745,maintained,2.6666666666666665,0.16042780748663105,237.05737154639922,True
GAB,Gandhi Bhavan,500,morning_peak,84,59,637,212.33333333333334,1.0099088386841062,maintained,3.103448275862069,0.141287284144427,237.05737154639922,True
GAB,Gandhi Bhavan,500,night,47,37,293,97.66666666666667,0.46452635751089977,maintained,5.625,0.30716723549488056,237.05737154639922,True
GAB,Gandhi Bhavan,800,evening_peak,104,77,909,227.25,1.0,maintained,2.7586206896551726,0.132013201320132,237.05737154639922,True
GAB,Gandhi Bhavan,800,late_night,12,8,26,5.2,0.02288228822882288,collapsed,37.5,5.769230769230769,259.5359624583906,True
GAB,Gandhi Bhavan,800,midday,104,72,1236,206.0,0.9064906490649065,maintained,2.6666666666666665,0.14563106796116507,237.05737154639922,True
GAB,Gandhi Bhavan,800,morning_peak,89,62,695,231.66666666666666,1.0194352768610193,maintained,3.103448275862069,0.12949640287769784,237.05737154639922,True
GAB,Gandhi Bhavan,800,night,52,40,333,111.0,0.4884488448844885,maintained,5.454545454545454,0.27027027027027034,237.05737154639922,True
GNH,Gandhi Hospital,300,evening_peak,38,34,311,77.75,1.0,maintained,7.0588235294117645,0.38585209003215437,149.30638585167708,True
GNH,Gandhi Hospital,300,late_night,1,0,1,0.2,0.002572347266881029,no_service,300.0,150.0,159.79843395199822,False
GNH,Gandhi Hospital,300,midday,42,34,440,73.33333333333333,0.9431939978563773,maintained,7.0588235294117645,0.40909090909090906,149.30638585167708,True
GNH,Gandhi Hospital,300,morning_peak,41,31,242,80.66666666666667,1.037513397642015,maintained,6.428571428571429,0.371900826446281,149.30638585167708,True
GNH,Gandhi Hospital,300,night,26,19,162,54.0,0.6945337620578779,maintained,7.2,0.5555555555555556,149.30638585167708,True
GNH,Gandhi Hospital,500,evening_peak,38,34,311,77.75,1.0,maintained,7.0588235294117645,0.38585209003215437,149.30638585167708,True
GNH,Gandhi Hospital,500,late_night,1,0,1,0.2,0.002572347266881029,no_service,300.0,150.0,159.79843395199822,False
GNH,Gandhi Hospital,500,midday,42,34,440,73.33333333333333,0.9431939978563773,maintained,7.0588235294117645,0.40909090909090906,149.30638585167708,True
GNH,Gandhi Hospital,500,morning_peak,41,31,242,80.66666666666667,1.037513397642015,maintained,6.428571428571429,0.371900826446281,149.30638585167708,True
GNH,Gandhi Hospital,500,night,26,19,162,54.0,0.6945337620578779,maintained,7.2,0.5555555555555556,149.30638585167708,True
GNH,Gandhi Hospital,800,evening_peak,42,38,356,89.0,1.0,maintained,7.0588235294117645,0.3370786516853933,149.30638585167708,True
GNH,Gandhi Hospital,800,late_night,1,0,1,0.2,0.0022471910112359553,no_service,300.0,150.0,159.79843395199822,False
GNH,Gandhi Hospital,800,midday,46,37,522,87.0,0.9775280898876404,maintained,6.0,0.3448275862068966,149.30638585167708,True
GNH,Gandhi Hospital,800,morning_peak,44,33,276,92.0,1.0337078651685394,maintained,6.428571428571429,0.32608695652173914,149.30638585167708,True
GNH,Gandhi Hospital,800,night,29,21,182,60.666666666666664,0.6816479400749064,maintained,7.2,0.4945054945054944,149.30638585167708,True
HTC,HITEC City,300,evening_peak,18,17,265,66.25,1.0,maintained,1.9672131147540983,0.45283018867924535,120.63288233706969,True
HTC,HITEC City,300,late_night,2,1,13,2.6,0.03924528301886793,collapsed,30.0,11.538461538461538,120.63288233706969,True
HTC,HITEC City,300,midday,17,15,273,45.5,0.6867924528301886,maintained,2.88,0.6593406593406593,120.63288233706969,True
HTC,HITEC City,300,morning_peak,18,16,169,56.333333333333336,0.8503144654088051,maintained,2.4324324324324325,0.5325443786982249,120.63288233706969,True
HTC,HITEC City,300,night,8,13,124,41.333333333333336,0.6238993710691825,maintained,2.5714285714285716,0.7258064516129032,120.63288233706969,True
HTC,HITEC City,500,evening_peak,37,37,407,101.75,1.0,maintained,1.9672131147540983,0.29484029484029495,120.63288233706969,True
HTC,HITEC City,500,late_night,2,1,13,2.6,0.025552825552825554,collapsed,30.0,11.538461538461538,120.63288233706969,True
HTC,HITEC City,500,midday,35,28,436,72.66666666666667,0.7141687141687142,maintained,2.88,0.41284403669724773,120.63288233706969,True
HTC,HITEC City,500,morning_peak,40,33,284,94.66666666666667,0.9303849303849304,maintained,2.4324324324324325,0.31690140845070425,120.63288233706969,True
HTC,HITEC City,500,night,18,24,189,63.0,0.6191646191646192,maintained,2.5714285714285716,0.47619047619047616,120.63288233706969,True
HTC,HITEC City,800,evening_peak,40,40,432,108.0,1.0,maintained,1.9672131147540983,0.2777777777777778,120.63288233706969,True
HTC,HITEC City,800,late_night,3,1,33,6.6,0.06111111111111111,poor,16.666666666666668,4.545454545454546,120.63288233706969,True
HTC,HITEC City,800,midday,39,32,471,78.5,0.7268518518518519,maintained,2.88,0.38216560509554137,120.63288233706969,True
HTC,HITEC City,800,morning_peak,43,38,302,100.66666666666667,0.9320987654320988,maintained,2.4324324324324325,0.2980132450331126,120.63288233706969,True
HTC,HITEC City,800,night,21,25,208,69.33333333333333,0.6419753086419753,maintained,2.5714285714285716,0.4326923076923077,120.63288233706969,True
HSG,Habsiguda,300,evening_peak,99,68,671,167.75,1.0,maintained,3.037974683544304,0.1788375558867362,148.46839338417166,True
HSG,Habsiguda,300,late_night,10,10,24,4.8,0.028614008941877794,collapsed,25.0,6.25,148.46839338417166,True
HSG,Habsiguda,300,midday,90,78,847,141.16666666666666,0.8415300546448087,maintained,3.364485981308411,0.21251475796930341,148.46839338417166,True
HSG,Habsiguda,300,morning_peak,87,57,433,144.33333333333334,0.8604073522106309,maintained,3.0,0.20785219399538107,148.46839338417166,True
HSG,Habsiguda,300,night,63,36,324,108.0,0.6438152011922503,maintained,4.0,0.27777777777777785,148.46839338417166,True
HSG,Habsiguda,500,evening_peak,99,68,671,167.75,1.0,maintained,3.037974683544304,0.1788375558867362,148.46839338417166,True
HSG,Habsiguda,500,late_night,10,10,24,4.8,0.028614008941877794,collapsed,25.0,6.25,148.46839338417166,True
HSG,Habsiguda,500,midday,90,78,847,141.16666666666666,0.8415300546448087,maintained,3.364485981308411,0.21251475796930341,148.46839338417166,True
HSG,Habsiguda,500,morning_peak,87,57,433,144.33333333333334,0.8604073522106309,maintained,3.0,0.20785219399538107,148.46839338417166,True
HSG,Habsiguda,500,night,63,36,324,108.0,0.6438152011922503,maintained,4.0,0.27777777777777785,148.46839338417166,True
HSG,Habsiguda,800,evening_peak,104,70,701,175.25,1.0,maintained,3.0,0.17118402282453637,148.46839338417166,True
HSG,Habsiguda,800,late_night,11,10,31,6.2,0.03537803138373752,collapsed,25.0,4.838709677419354,148.46839338417166,True
HSG,Habsiguda,800,midday,94,80,885,147.5,0.8416547788873039,maintained,3.364485981308411,0.2033898305084746,148.46839338417166,True
HSG,Habsiguda,800,morning_peak,90,60,453,151.0,0.8616262482168331,maintained,3.0,0.1986754966887418,148.46839338417166,True
HSG,Habsiguda,800,night,67,38,346,115.33333333333333,0.6581074655254399,maintained,4.0,0.2601156069364162,148.46839338417166,True
JBS,JBS Parade Ground,300,evening_peak,175,120,1532,383.0,1.0,maintained,1.1111111111111112,0.07832898172323759,158.53525603737128,True
JBS,JBS Parade Ground,300,late_night,24,8,61,12.2,0.03185378590078329,collapsed,33.333333333333336,2.459016393442623,193.89916713626067,True
JBS,JBS Parade Ground,300,midday,192,117,1936,322.6666666666667,0.8424717145343777,maintained,1.2,0.09297520661157024,158.53525603737128,True
JBS,JBS Parade Ground,300,morning_peak,152,100,1003,334.3333333333333,0.8729329852045257,maintained,1.3740458015267176,0.0897308075772682,158.53525603737128,True
JBS,JBS Parade Ground,300,night,134,73,827,275.6666666666667,0.7197563098346389,maintained,1.5254237288135593,0.10882708585247884,158.53525603737128,True
JBS,JBS Parade Ground,500,evening_peak,243,156,2129,532.25,1.0,maintained,1.1111111111111112,0.056364490371066236,158.53525603737128,True
JBS,JBS Parade Ground,500,late_night,33,10,122,24.4,0.04584311883513386,collapsed,14.285714285714286,1.2295081967213115,193.89916713626067,True
JBS,JBS Parade Ground,500,midday,261,169,2788,464.6666666666667,0.8730233286362925,maintained,1.2,0.06456241032998566,158.53525603737128,True
JBS,JBS Parade Ground,500,morning_peak,206,139,1375,458.3333333333333,0.8611241584468451,maintained,1.3740458015267176,0.06545454545454546,158.53525603737128,True
JBS,JBS Parade Ground,500,night,181,91,1128,376.0,0.7064349459840301,maintained,1.4634146341463414,0.07978723404255321,158.53525603737128,True
JBS,JBS Parade Ground,800,evening_peak,255,159,2198,549.5,1.0,maintained,1.1111111111111112,0.05459508644222021,158.53525603737128,True
JBS,JBS Parade Ground,800,late_night,37,11,133,26.6,0.048407643312101914,collapsed,14.285714285714286,1.1278195488721805,193.89916713626067,True
JBS,JBS Parade Ground,800,midday,276,178,2879,479.8333333333333,0.8732180770397331,maintained,1.2,0.06252170892671066,158.53525603737128,True
JBS,JBS Parade Ground,800,morning_peak,217,144,1419,473.0,0.8607825295723385,maintained,1.3740458015267176,0.06342494714587739,158.53525603737128,True
JBS,JBS Parade Ground,800,night,189,96,1181,393.6666666666667,0.7164088565362451,maintained,1.4634146341463414,0.07620660457239628,158.53525603737128,True
JNT,JNTU College,300,evening_peak,39,45,616,154.0,1.0,maintained,1.170731707317073,0.1948051948051948,107.64255836920434,True
JNT,JNTU College,300,late_night,4,3,10,2.0,0.012987012987012988,collapsed,100.0,15.0,160.9058313184493,True
JNT,JNTU College,300,midday,62,56,785,130.83333333333334,0.8495670995670996,maintained,1.4457831325301205,0.22929936305732487,107.64255836920434,True
JNT,JNTU College,300,morning_peak,42,49,443,147.66666666666666,0.9588744588744588,maintained,1.44,0.20316027088036115,107.64255836920434,True
JNT,JNTU College,300,night,23,34,224,74.66666666666667,0.48484848484848486,maintained,2.4657534246575343,0.40178571428571436,107.64255836920434,True
JNT,JNTU College,500,evening_peak,39,45,623,155.75,1.0,maintained,1.1320754716981132,0.19261637239165327,107.64255836920434,True
JNT,JNTU College,500,late_night,4,3,10,2.0,0.012841091492776886,collapsed,100.0,15.0,160.9058313184493,True
JNT,JNTU College,500,midday,62,56,786,131.0,0.841091492776886,maintained,1.4457831325301205,0.22900763358778628,107.64255836920434,True
JNT,JNTU College,500,morning_peak,42,49,448,149.33333333333334,0.9588014981273408,maintained,1.3846153846153846,0.20089285714285715,107.64255836920434,True
JNT,JNTU College,500,night,23,34,225,75.0,0.48154093097913325,maintained,2.4324324324324325,0.4000000000000001,107.64255836920434,True
JNT,JNTU College,800,evening_peak,64,66,868,217.0,1.0,maintained,1.0480349344978166,0.1382488479262673,107.64255836920434,True
JNT,JNTU College,800,late_night,8,5,32,6.4,0.029493087557603687,collapsed,16.666666666666668,4.6875,160.9058313184493,True
JNT,JNTU College,800,midday,80,74,1091,181.83333333333334,0.8379416282642089,maintained,1.2857142857142858,0.16498625114573784,107.64255836920434,True
JNT,JNTU College,800,morning_peak,59,64,582,194.0,0.8940092165898618,maintained,1.313868613138686,0.15463917525773194,107.64255836920434,True
JNT,JNTU College,800,night,38,48,318,106.0,0.48847926267281105,maintained,2.142857142857143,0.2830188679245283,107.64255836920434,True
JCP,Jubilee Hills Checkpost,300,evening_peak,18,21,278,69.5,1.0,maintained,2.0869565217391304,0.43165467625899284,82.75608955007522,True
JCP,Jubilee Hills Checkpost,300,late_night,3,2,13,2.6,0.03741007194244605,collapsed,42.857142857142854,11.538461538461538,82.75608955007522,True
JCP,Jubilee Hills Checkpost,300,midday,18,17,282,47.0,0.6762589928057554,maintained,2.975206611570248,0.6382978723404256,82.75608955007522,True
JCP,Jubilee Hills Checkpost,300,morning_peak,18,16,168,56.0,0.8057553956834532,maintained,2.3684210526315788,0.5357142857142857,82.75608955007522,True
JCP,Jubilee Hills Checkpost,300,night,11,10,128,42.666666666666664,0.6139088729016786,maintained,3.103448275862069,0.703125,82.75608955007522,True
JCP,Jubilee Hills Checkpost,500,evening_peak,20,23,292,73.0,1.0,maintained,1.9834710743801653,0.4109589041095891,82.75608955007522,True
JCP,Jubilee Hills Checkpost,500,late_night,4,2,16,3.2,0.043835616438356165,collapsed,33.333333333333336,9.375,82.75608955007522,True
JCP,Jubilee Hills Checkpost,500,midday,21,18,300,50.0,0.684931506849315,maintained,2.7906976744186047,0.6,82.75608955007522,True
JCP,Jubilee Hills Checkpost,500,morning_peak,22,18,182,60.666666666666664,0.8310502283105022,maintained,2.3684210526315788,0.4945054945054945,82.75608955007522,True
JCP,Jubilee Hills Checkpost,500,night,12,10,132,44.0,0.6027397260273972,maintained,3.0508474576271185,0.6818181818181819,82.75608955007522,True
JCP,Jubilee Hills Checkpost,800,evening_peak,23,27,347,86.75,1.0,maintained,1.9834710743801653,0.3458213256484151,82.75608955007522,True
JCP,Jubilee Hills Checkpost,800,late_night,4,2,16,3.2,0.03688760806916427,collapsed,33.333333333333336,9.375,82.75608955007522,True
JCP,Jubilee Hills Checkpost,800,midday,25,22,364,60.666666666666664,0.6993275696445725,maintained,2.7906976744186047,0.4945054945054945,82.75608955007522,True
JCP,Jubilee Hills Checkpost,800,morning_peak,26,21,221,73.66666666666667,0.8491834774255524,maintained,2.3684210526315788,0.4072398190045249,82.75608955007522,True
JCP,Jubilee Hills Checkpost,800,night,14,14,166,55.333333333333336,0.6378482228626321,maintained,2.903225806451613,0.5421686746987951,82.75608955007522,True
KPH,KPHB Colony,300,evening_peak,59,61,668,167.0,1.0,maintained,1.1428571428571428,0.1796407185628742,139.45553194865977,True
KPH,KPHB Colony,300,late_night,7,6,12,2.4,0.01437125748502994,collapsed,100.0,12.5,139.45553194865977,True
KPH,KPHB Colony,300,midday,77,66,833,138.83333333333334,0.8313373253493015,maintained,1.4516129032258065,0.21608643457382956,139.45553194865977,True
KPH,KPHB Colony,300,morning_peak,56,59,456,152.0,0.9101796407185628,maintained,1.4516129032258065,0.19736842105263158,139.45553194865977,True
KPH,KPHB Colony,300,night,34,39,263,87.66666666666667,0.5249500998003992,maintained,2.535211267605634,0.34220532319391633,139.45553194865977,True
KPH,KPHB Colony,500,evening_peak,59,62,668,167.0,1.0,maintained,1.1428571428571428,0.1796407185628742,139.45553194865977,True
KPH,KPHB Colony,500,late_night,7,6,12,2.4,0.01437125748502994,collapsed,100.0,12.5,139.45553194865977,True
KPH,KPHB Colony,500,midday,77,66,835,139.16666666666666,0.8333333333333333,maintained,1.4516129032258065,0.21556886227544914,139.45553194865977,True
KPH,KPHB Colony,500,morning_peak,56,59,456,152.0,0.9101796407185628,maintained,1.4516129032258065,0.19736842105263158,139.45553194865977,True
KPH,KPHB Colony,500,night,34,39,263,87.66666666666667,0.5249500998003992,maintained,2.535211267605634,0.34220532319391633,139.45553194865977,True
KPH,KPHB Colony,800,evening_peak,76,72,918,229.5,1.0,maintained,1.0714285714285714,0.13071895424836596,139.45553194865977,True
KPH,KPHB Colony,800,late_night,7,6,12,2.4,0.01045751633986928,collapsed,100.0,12.5,139.45553194865977,True
KPH,KPHB Colony,800,midday,89,77,1157,192.83333333333334,0.8402323892519972,maintained,1.3533834586466165,0.15557476231633538,139.45553194865977,True
KPH,KPHB Colony,800,morning_peak,73,69,615,205.0,0.8932461873638344,maintained,1.4173228346456692,0.14634146341463417,139.45553194865977,True
KPH,KPHB Colony,800,night,40,44,344,114.66666666666667,0.49963689179375453,maintained,2.4657534246575343,0.2616279069767442,139.45553194865977,True
KHA,Khairatabad,300,evening_peak,42,31,465,116.25,1.0,maintained,3.3333333333333335,0.2580645161290323,137.4313563523007,True
KHA,Khairatabad,300,late_night,4,3,10,2.0,0.017204301075268817,collapsed,42.857142857142854,15.0,137.4313563523007,True
KHA,Khairatabad,300,midday,52,33,594,99.0,0.8516129032258064,maintained,3.4615384615384617,0.30303030303030304,137.4313563523007,True
KHA,Khairatabad,300,morning_peak,39,26,271,90.33333333333333,0.7770609318996415,maintained,4.864864864864865,0.33210332103321044,137.4313563523007,True
KHA,Khairatabad,300,night,26,21,227,75.66666666666667,0.6508960573476703,maintained,4.285714285714286,0.39647577092511016,137.4313563523007,True
KHA,Khairatabad,500,evening_peak,52,61,520,130.0,1.0,maintained,3.3333333333333335,0.23076923076923078,137.4313563523007,True
KHA,Khairatabad,500,late_night,5,4,11,2.2,0.016923076923076926,collapsed,42.857142857142854,13.636363636363637,137.4313563523007,True
KHA,Khairatabad,500,midday,65,64,645,107.5,0.8269230769230769,maintained,3.4615384615384617,0.27906976744186046,137.4313563523007,True
KHA,Khairatabad,500,morning_peak,46,50,358,119.33333333333333,0.9179487179487179,maintained,3.272727272727273,0.25139664804469275,137.4313563523007,True
KHA,Khairatabad,500,night,31,33,251,83.66666666666667,0.6435897435897436,maintained,4.285714285714286,0.35856573705179273,137.4313563523007,True
KHA,Khairatabad,800,evening_peak,107,83,1052,263.0,1.0,maintained,2.6373626373626373,0.1140684410646388,137.4313563523007,True
KHA,Khairatabad,800,late_night,11,9,33,6.6,0.02509505703422053,collapsed,42.857142857142854,4.545454545454546,137.4313563523007,True
KHA,Khairatabad,800,midday,120,88,1267,211.16666666666666,0.802915082382763,maintained,3.4615384615384617,0.1420678768745067,137.4313563523007,True
KHA,Khairatabad,800,morning_peak,89,69,664,221.33333333333334,0.8415716096324461,maintained,3.103448275862069,0.13554216867469882,137.4313563523007,True
KHA,Khairatabad,800,night,70,48,481,160.33333333333334,0.6096324461343473,maintained,4.285714285714286,0.18711018711018715,137.4313563523007,True
KUK,Kukatpally,300,evening_peak,62,60,741,185.25,1.0,maintained,1.0526315789473684,0.16194331983805665,133.97492758865081,True
KUK,Kukatpally,300,late_night,8,9,19,3.8,0.020512820512820513,collapsed,60.0,7.894736842105265,133.97492758865081,True
KUK,Kukatpally,300,midday,72,73,924,154.0,0.8313090418353576,maintained,1.2765957446808511,0.19480519480519481,133.97492758865081,True
KUK,Kukatpally,300,morning_peak,58,64,513,171.0,0.9230769230769231,maintained,1.44,0.1754385964912281,133.97492758865081,True
KUK,Kukatpally,300,night,34,43,330,110.0,0.5937921727395412,maintained,2.142857142857143,0.27272727272727276,133.97492758865081,True
KUK,Kukatpally,500,evening_peak,62,60,741,185.25,1.0,maintained,1.0526315789473684,0.16194331983805665,133.97492758865081,True
KUK,Kukatpally,500,late_night,8,9,19,3.8,0.020512820512820513,collapsed,60.0,7.894736842105265,133.97492758865081,True
KUK,Kukatpally,500,midday,72,73,924,154.0,0.8313090418353576,maintained,1.2765957446808511,0.19480519480519481,133.97492758865081,True
KUK,Kukatpally,500,morning_peak,58,64,513,171.0,0.9230769230769231,maintained,1.44,0.1754385964912281,133.97492758865081,True
KUK,Kukatpally,500,night,34,43,330,110.0,0.5937921727395412,maintained,2.142857142857143,0.27272727272727276,133.97492758865081,True
KUK,Kukatpally,800,evening_peak,63,61,751,187.75,1.0,maintained,1.0526315789473684,0.15978695073235685,133.97492758865081,True
KUK,Kukatpally,800,late_night,8,9,19,3.8,0.020239680426098534,collapsed,60.0,7.894736842105265,133.97492758865081,True
KUK,Kukatpally,800,midday,73,74,929,154.83333333333334,0.8246782068353308,maintained,1.2765957446808511,0.19375672766415503,133.97492758865081,True
KUK,Kukatpally,800,morning_peak,59,64,518,172.66666666666666,0.9196626719928983,maintained,1.4173228346456692,0.17374517374517376,133.97492758865081,True
KUK,Kukatpally,800,night,35,43,340,113.33333333333333,0.6036395916555704,maintained,2.142857142857143,0.2647058823529412,133.97492758865081,True
LBN,L. B. Nagar,300,evening_peak,71,35,361,90.25,1.0,maintained,6.857142857142857,0.332409972299169,28.156063203616988,True
LBN,L. B. Nagar,300,late_night,2,1,7,1.4,0.015512465373961217,collapsed,50.0,21.428571428571427,28.156063203616988,True
LBN,L. B. Nagar,300,midday,58,37,467,77.83333333333333,0.8624192059095106,maintained,7.5,0.3854389721627409,28.156063203616988,True
LBN,L. B. Nagar,300,morning_peak,80,43,285,95.0,1.0526315789473684,maintained,7.5,0.31578947368421056,28.156063203616988,True
LBN,L. B. Nagar,300,night,45,20,175,58.333333333333336,0.6463527239150508,maintained,7.2,0.5142857142857145,28.156063203616988,True
LBN,L. B. Nagar,500,evening_peak,124,46,1031,257.75,1.0,maintained,1.610738255033557,0.1163918525703201,28.156063203616988,True
LBN,L. B. Nagar,500,late_night,10,6,28,5.6,0.021726479146459747,collapsed,25.0,5.357142857142858,28.156063203616988,True
LBN,L. B. Nagar,500,midday,109,51,1326,221.0,0.8574199806013579,maintained,1.6071428571428572,0.13574660633484165,28.156063203616988,True
LBN,L. B. Nagar,500,morning_peak,124,52,657,219.0,0.8496605237633366,maintained,2.0454545454545454,0.13698630136986303,28.156063203616988,True
LBN,L. B. Nagar,500,night,76,30,487,162.33333333333334,0.6298092466860653,maintained,1.7307692307692308,0.18480492813141688,28.156063203616988,True
LBN,L. B. Nagar,800,evening_peak,147,75,1132,283.0,1.0,maintained,1.5894039735099337,0.10600706713780919,28.156063203616988,True
LBN,L. B. Nagar,800,late_night,14,7,48,9.6,0.03392226148409894,collapsed,23.076923076923077,3.1250000000000004,28.156063203616988,True
LBN,L. B. Nagar,800,midday,128,73,1432,238.66666666666666,0.8433451118963486,maintained,1.5254237288135593,0.12569832402234637,28.156063203616988,True
LBN,L. B. Nagar,800,morning_peak,142,82,806,268.6666666666667,0.9493521790341579,maintained,1.5,0.11166253101736975,28.156063203616988,True
LBN,L. B. Nagar,800,night,90,35,602,200.66666666666666,0.7090694935217903,maintained,1.7307692307692308,0.14950166112956811,28.156063203616988,True
LKP,Lakdi-ka-pul,300,evening_peak,92,56,899,224.75,1.0,maintained,3.582089552238806,0.13348164627363737,28.604309783884407,True
LKP,Lakdi-ka-pul,300,late_night,3,2,7,1.4,0.006229143492769744,no_service,60.0,21.428571428571427,28.604309783884407,True
LKP,Lakdi-ka-pul,300,midday,110,63,1260,210.0,0.9343715239154616,maintained,3.0508474576271185,0.14285714285714288,28.604309783884407,True
LKP,Lakdi-ka-pul,300,morning_peak,88,52,718,239.33333333333334,1.0648869113830182,maintained,3.4615384615384617,0.12534818941504178,28.604309783884407,True
LKP,Lakdi-ka-pul,300,night,55,29,252,84.0,0.37374860956618466,reduced,8.181818181818182,0.35714285714285704,28.604309783884407,True
LKP,Lakdi-ka-pul,500,evening_peak,138,118,1153,288.25,1.0,maintained,2.608695652173913,0.10407632263660016,28.604309783884407,True
LKP,Lakdi-ka-pul,500,late_night,14,10,55,11.0,0.03816131830008673,collapsed,23.076923076923077,2.7272727272727275,28.604309783884407,True
LKP,Lakdi-ka-pul,500,midday,158,124,1481,246.83333333333334,0.8563168545822493,maintained,3.0508474576271185,0.12153950033760973,28.604309783884407,True
LKP,Lakdi-ka-pul,500,morning_peak,118,101,830,276.6666666666667,0.9598149754264239,maintained,3.103448275862069,0.10843373493975905,28.604309783884407,True
LKP,Lakdi-ka-pul,500,night,85,69,536,178.66666666666666,0.6198323214801965,maintained,4.285714285714286,0.16791044776119404,28.604309783884407,True
LKP,Lakdi-ka-pul,800,evening_peak,143,122,1173,293.25,1.0,maintained,2.608695652173913,0.10230179028132992,28.604309783884407,True
LKP,Lakdi-ka-pul,800,late_night,14,10,55,11.0,0.03751065643648764,collapsed,23.076923076923077,2.7272727272727275,28.604309783884407,True
LKP,Lakdi-ka-pul,800,midday,160,124,1499,249.83333333333334,0.851946575731742,maintained,3.0508474576271185,0.12008005336891261,28.604309783884407,True
LKP,Lakdi-ka-pul,800,morning_peak,121,101,842,280.6666666666667,0.9570900824097756,maintained,3.103448275862069,0.10688836104513065,28.604309783884407,True
LKP,Lakdi-ka-pul,800,night,85,70,540,180.0,0.6138107416879796,maintained,4.285714285714286,0.16666666666666669,28.604309783884407,True
MAD,Madhapur,300,evening_peak,6,4,125,31.25,1.0,maintained,2.1818181818181817,0.96,73.9451181416198,True
MAD,Madhapur,300,late_night,1,0,1,0.2,0.0064,no_service,300.0,150.0,73.9451181416198,False
MAD,Madhapur,300,midday,5,4,141,23.5,0.752,maintained,2.926829268292683,1.2765957446808511,73.9451181416198,True
MAD,Madhapur,300,morning_peak,4,4,80,26.666666666666668,0.8533333333333334,maintained,2.5,1.125,73.9451181416198,True
MAD,Madhapur,300,night,2,2,56,18.666666666666668,0.5973333333333334,maintained,3.4615384615384617,1.6071428571428574,73.9451181416198,True
MAD,Madhapur,500,evening_peak,13,9,248,62.0,1.0,maintained,2.0,0.48387096774193555,73.9451181416198,True
MAD,Madhapur,500,late_night,3,2,6,1.2,0.01935483870967742,collapsed,75.0,25.0,73.9451181416198,True
MAD,Madhapur,500,midday,14,9,265,44.166666666666664,0.7123655913978494,maintained,2.7906976744186047,0.679245283018868,73.9451181416198,True
MAD,Madhapur,500,morning_peak,12,9,149,49.666666666666664,0.8010752688172043,maintained,2.5,0.6040268456375838,73.9451181416198,True
MAD,Madhapur,500,night,7,6,106,35.333333333333336,0.5698924731182796,maintained,3.3333333333333335,0.849056603773585,73.9451181416198,True
MAD,Madhapur,800,evening_peak,17,18,261,65.25,1.0,maintained,2.0,0.4597701149425288,73.9451181416198,True
MAD,Madhapur,800,late_night,4,2,15,3.0,0.04597701149425287,collapsed,33.333333333333336,10.0,73.9451181416198,True
MAD,Madhapur,800,midday,18,15,278,46.333333333333336,0.7100893997445722,maintained,2.7906976744186047,0.6474820143884893,73.9451181416198,True
MAD,Madhapur,800,morning_peak,21,16,176,58.666666666666664,0.8991060025542784,maintained,2.5,0.5113636363636364,73.9451181416198,True
MAD,Madhapur,800,night,9,11,121,40.333333333333336,0.6181353767560664,maintained,2.769230769230769,0.7438016528925621,73.9451181416198,True
MUN,Madhura Nagar,300,evening_peak,12,7,233,58.25,1.0,maintained,2.0168067226890756,0.5150214592274679,74.03035757836024,True
MUN,Madhura Nagar,300,late_night,1,0,4,0.8,0.013733905579399143,collapsed,75.0,37.5,74.03035757836024,True
MUN,Madhura Nagar,300,midday,12,6,251,41.833333333333336,0.7181688125894135,maintained,2.8346456692913384,0.7171314741035858,74.03035757836024,True
MUN,Madhura Nagar,300,morning_peak,10,5,136,45.333333333333336,0.7782546494992847,maintained,2.727272727272727,0.6617647058823528,74.03035757836024,True
MUN,Madhura Nagar,300,night,6,2,97,32.333333333333336,0.5550786838340487,maintained,3.0508474576271185,0.9278350515463918,74.03035757836024,True
MUN,Madhura Nagar,500,evening_peak,75,81,886,221.5,1.0,maintained,2.0168067226890756,0.13544018058690743,74.03035757836024,True
MUN,Madhura Nagar,500,late_night,8,7,19,3.8,0.017155756207674944,collapsed,50.0,7.894736842105263,74.03035757836024,True
MUN,Madhura Nagar,500,midday,84,83,1065,177.5,0.801354401805869,maintained,2.8346456692913384,0.16901408450704228,74.03035757836024,True
MUN,Madhura Nagar,500,morning_peak,74,70,586,195.33333333333334,0.8818660647103086,maintained,2.6865671641791047,0.15358361774744028,74.03035757836024,True
MUN,Madhura Nagar,500,night,49,48,419,139.66666666666666,0.6305492851768246,maintained,3.0508474576271185,0.21479713603818615,74.03035757836024,True
MUN,Madhura Nagar,800,evening_peak,89,88,934,233.5,1.0,maintained,2.0168067226890756,0.1284796573875803,74.03035757836024,True
MUN,Madhura Nagar,800,late_night,10,7,22,4.4,0.018843683083511777,collapsed,50.0,6.818181818181819,74.03035757836024,True
MUN,Madhura Nagar,800,midday,97,88,1128,188.0,0.8051391862955032,maintained,2.8346456692913384,0.15957446808510642,74.03035757836024,True
MUN,Madhura Nagar,800,morning_peak,88,76,637,212.33333333333334,0.9093504639543184,maintained,2.4657534246575343,0.141287284144427,74.03035757836024,True
MUN,Madhura Nagar,800,night,52,50,437,145.66666666666666,0.6238401142041399,maintained,2.608695652173913,0.20594965675057206,74.03035757836024,True
MGB,Mahatma Gandhi Bus Station,300,evening_peak,18,9,55,13.75,1.0,maintained,9.23076923076923,2.1818181818181817,268.2713511934181,True
MGB,Mahatma Gandhi Bus Station,300,late_night,3,1,4,0.8,0.05818181818181818,poor,150.0,37.5,268.2713511934181,True
MGB,Mahatma Gandhi Bus Station,300,midday,22,12,184,30.666666666666668,2.2303030303030305,maintained,8.0,0.9782608695652176,268.2713511934181,True
MGB,Mahatma Gandhi Bus Station,300,morning_peak,14,7,48,16.0,1.1636363636363636,maintained,8.571428571428571,1.875,268.2713511934181,True
MGB,Mahatma Gandhi Bus Station,300,night,10,4,25,8.333333333333334,0.6060606060606061,maintained,12.857142857142858,3.5999999999999996,268.2713511934181,True
MGB,Mahatma Gandhi Bus Station,500,evening_peak,89,59,617,154.25,1.0,maintained,6.666666666666667,0.19448946515397084,268.2713511934181,True
MGB,Mahatma Gandhi Bus Station,500,late_night,7,4,8,1.6,0.010372771474878445,collapsed,150.0,18.75,268.2713511934181,True
MGB,Mahatma Gandhi Bus Station,500,midday,101,71,1029,171.5,1.1118314424635332,maintained,6.206896551724138,0.17492711370262393,268.2713511934181,True
MGB,Mahatma Gandhi Bus Station,500,morning_peak,83,54,445,148.33333333333334,0.9616423554835225,maintained,6.923076923076923,0.20224719101123598,268.2713511934181,True
MGB,Mahatma Gandhi Bus Station,500,night,60,35,298,99.33333333333333,0.64397622906537,maintained,6.206896551724138,0.302013422818792,268.2713511934181,True
MGB,Mahatma Gandhi Bus Station,800,evening_peak,220,162,2407,601.75,1.0,maintained,1.6666666666666667,0.04985459077690071,268.2713511934181,True
MGB,Mahatma Gandhi Bus Station,800,late_night,32,20,68,13.6,0.022600747818861653,collapsed,30.0,2.205882352941176,268.2713511934181,True
MGB,Mahatma Gandhi Bus Station,800,midday,239,176,3216,536.0,0.8907353552139593,maintained,2.011173184357542,0.05597014925373135,268.2713511934181,True
MGB,Mahatma Gandhi Bus Station,800,morning_peak,230,160,1733,577.6666666666666,0.9599778424040991,maintained,2.4324324324324325,0.051933064050779,268.2713511934181,True
MGB,Mahatma Gandhi Bus Station,800,night,156,99,1116,372.0,0.6181969256335688,maintained,4.0,0.08064516129032259,268.2713511934181,True
MKL,Malakpet,300,evening_peak,114,59,567,141.75,1.0,maintained,4.363636363636363,0.21164021164021157,97.36933536777192,True
MKL,Malakpet,300,late_night,6,3,10,2.0,0.014109347442680775,collapsed,75.0,15.0,97.36933536777192,True
MKL,Malakpet,300,midday,119,63,801,133.5,0.9417989417989417,maintained,4.864864864864865,0.22471910112359555,97.36933536777192,True
MKL,Malakpet,300,morning_peak,128,72,497,165.66666666666666,1.168724279835391,maintained,6.666666666666667,0.18108651911468815,22.083753407515967,True
MKL,Malakpet,300,night,69,28,258,86.0,0.6067019400352733,maintained,9.473684210526315,0.34883720930232565,22.083753407515967,True
MKL,Malakpet,500,evening_peak,150,97,986,246.5,1.0,maintained,4.363636363636363,0.12170385395537525,97.36933536777192,True
MKL,Malakpet,500,late_night,12,8,16,3.2,0.012981744421906695,collapsed,75.0,9.375,97.36933536777192,True
MKL,Malakpet,500,midday,163,108,1471,245.16666666666666,0.9945909398242055,maintained,4.864864864864865,0.12236573759347386,97.36933536777192,True
MKL,Malakpet,500,morning_peak,161,107,816,272.0,1.103448275862069,maintained,6.666666666666667,0.11029411764705882,22.083753407515967,True
MKL,Malakpet,500,night,101,55,478,159.33333333333334,0.6463826910074375,maintained,5.625,0.18828451882845193,22.083753407515967,True
MKL,Malakpet,800,evening_peak,155,100,994,248.5,1.0,maintained,4.363636363636363,0.12072434607645878,97.36933536777192,True
MKL,Malakpet,800,late_night,17,11,23,4.6,0.01851106639839034,collapsed,75.0,6.521739130434783,97.36933536777192,True
MKL,Malakpet,800,midday,166,111,1483,247.16666666666666,0.994634473507713,maintained,4.864864864864865,0.12137559002022927,97.36933536777192,True
MKL,Malakpet,800,morning_peak,165,109,836,278.6666666666667,1.1213950368879948,maintained,6.666666666666667,0.1076555023923445,22.083753407515967,True
MKL,Malakpet,800,night,106,57,505,168.33333333333334,0.6773977196512408,maintained,5.625,0.17821782178217824,22.083753407515967,True
MET,Mettuguda,300,evening_peak,131,77,896,224.0,1.0,maintained,3.076923076923077,0.13392857142857145,123.65837585960779,True
MET,Mettuguda,300,late_night,12,10,34,6.8,0.030357142857142857,collapsed,21.428571428571427,4.411764705882353,123.65837585960779,True
MET,Mettuguda,300,midday,126,91,1086,181.0,0.8080357142857143,maintained,3.364485981308411,0.16574585635359118,123.65837585960779,True
MET,Mettuguda,300,morning_peak,120,70,578,192.66666666666666,0.8601190476190476,maintained,3.0508474576271185,0.15570934256055366,123.65837585960779,True
MET,Mettuguda,300,night,84,42,428,142.66666666666666,0.6369047619047619,maintained,4.090909090909091,0.21028037383177575,123.65837585960779,True
MET,Mettuguda,500,evening_peak,131,77,896,224.0,1.0,maintained,3.076923076923077,0.13392857142857145,123.65837585960779,True
MET,Mettuguda,500,late_night,12,10,34,6.8,0.030357142857142857,collapsed,21.428571428571427,4.411764705882353,123.65837585960779,True
MET,Mettuguda,500,midday,126,91,1086,181.0,0.8080357142857143,maintained,3.364485981308411,0.16574585635359118,123.65837585960779,True
MET,Mettuguda,500,morning_peak,120,70,578,192.66666666666666,0.8601190476190476,maintained,3.0508474576271185,0.15570934256055366,123.65837585960779,True
MET,Mettuguda,500,night,84,42,428,142.66666666666666,0.6369047619047619,maintained,4.090909090909091,0.21028037383177575,123.65837585960779,True
MET,Mettuguda,800,evening_peak,142,80,981,245.25,1.0,maintained,3.076923076923077,0.12232415902140671,123.65837585960779,True
MET,Mettuguda,800,late_night,14,11,37,7.4,0.03017329255861366,collapsed,21.428571428571427,4.054054054054054,123.65837585960779,True
MET,Mettuguda,800,midday,142,98,1199,199.83333333333334,0.8148148148148149,maintained,3.3333333333333335,0.15012510425354467,123.65837585960779,True
MET,Mettuguda,800,morning_peak,136,76,657,219.0,0.8929663608562691,maintained,3.0508474576271185,0.13698630136986303,123.65837585960779,True
MET,Mettuguda,800,night,91,42,457,152.33333333333334,0.6211348963642542,maintained,4.0,0.19693654266958427,123.65837585960779,True
MYP,Miyapur,300,evening_peak,35,41,551,137.75,1.0,maintained,1.1111111111111112,0.2177858439201452,207.09163873301594,True
MYP,Miyapur,300,late_night,5,2,11,2.2,0.015970961887477316,collapsed,75.0,13.636363636363637,223.31716344608034,True
MYP,Miyapur,300,midday,55,53,685,114.16666666666667,0.8287961282516637,maintained,1.4754098360655739,0.2627737226277373,207.09163873301594,True
MYP,Miyapur,300,morning_peak,34,45,390,130.0,0.9437386569872959,maintained,1.3740458015267176,0.23076923076923073,207.09163873301594,True
MYP,Miyapur,300,night,22,31,205,68.33333333333333,0.49606775559588623,maintained,2.3076923076923075,0.43902439024390255,207.09163873301594,True
MYP,Miyapur,500,evening_peak,35,41,551,137.75,1.0,maintained,1.1111111111111112,0.2177858439201452,207.09163873301594,True
MYP,Miyapur,500,late_night,5,2,11,2.2,0.015970961887477316,collapsed,75.0,13.636363636363637,223.31716344608034,True
MYP,Miyapur,500,midday,55,53,685,114.16666666666667,0.8287961282516637,maintained,1.4754098360655739,0.2627737226277373,207.09163873301594,True
MYP,Miyapur,500,morning_peak,34,45,390,130.0,0.9437386569872959,maintained,1.3740458015267176,0.23076923076923073,207.09163873301594,True
MYP,Miyapur,500,night,22,31,205,68.33333333333333,0.49606775559588623,maintained,2.3076923076923075,0.43902439024390255,207.09163873301594,True
MYP,Miyapur,800,evening_peak,35,41,551,137.75,1.0,maintained,1.1111111111111112,0.2177858439201452,207.09163873301594,True
MYP,Miyapur,800,late_night,5,2,11,2.2,0.015970961887477316,collapsed,75.0,13.636363636363637,223.31716344608034,True
MYP,Miyapur,800,midday,55,53,685,114.16666666666667,0.8287961282516637,maintained,1.4754098360655739,0.2627737226277373,207.09163873301594,True
MYP,Miyapur,800,morning_peak,34,45,390,130.0,0.9437386569872959,maintained,1.3740458015267176,0.23076923076923073,207.09163873301594,True
MYP,Miyapur,800,night,22,31,205,68.33333333333333,0.49606775559588623,maintained,2.3076923076923075,0.43902439024390255,207.09163873301594,True
MSP,Moosapet,300,evening_peak,80,74,850,212.5,1.0,maintained,1.1009174311926606,0.1411764705882353,103.63330350536275,True
MSP,Moosapet,300,late_night,9,7,15,3.0,0.01411764705882353,collapsed,75.0,10.0,103.63330350536275,True
MSP,Moosapet,300,midday,93,84,1157,192.83333333333334,0.9074509803921569,maintained,1.263157894736842,0.15557476231633535,103.63330350536275,True
MSP,Moosapet,300,morning_peak,79,71,591,197.0,0.9270588235294117,maintained,1.4173228346456692,0.15228426395939088,103.63330350536275,True
MSP,Moosapet,300,night,46,51,405,135.0,0.6352941176470588,maintained,2.6470588235294117,0.22222222222222227,103.63330350536275,True
MSP,Moosapet,500,evening_peak,85,81,878,219.5,1.0,maintained,1.1009174311926606,0.13667425968109337,103.63330350536275,True
MSP,Moosapet,500,late_night,10,10,18,3.6,0.01640091116173121,collapsed,75.0,8.333333333333334,103.63330350536275,True
MSP,Moosapet,500,midday,99,89,1174,195.66666666666666,0.891419893697798,maintained,1.263157894736842,0.15332197614991483,103.63330350536275,True
MSP,Moosapet,500,morning_peak,84,76,602,200.66666666666666,0.9141989369779803,maintained,1.4173228346456692,0.14950166112956811,103.63330350536275,True
MSP,Moosapet,500,night,52,56,433,144.33333333333334,0.6575550493545939,maintained,2.1951219512195124,0.20785219399538107,103.63330350536275,True
MSP,Moosapet,800,evening_peak,85,81,882,220.5,1.0,maintained,1.1009174311926606,0.13605442176870744,103.63330350536275,True
MSP,Moosapet,800,late_night,10,10,18,3.6,0.0163265306122449,collapsed,75.0,8.333333333333334,103.63330350536275,True
MSP,Moosapet,800,midday,99,89,1178,196.33333333333334,0.890400604686319,maintained,1.263157894736842,0.15280135823429541,103.63330350536275,True
MSP,Moosapet,800,morning_peak,84,77,606,202.0,0.9160997732426304,maintained,1.4173228346456692,0.14851485148514854,103.63330350536275,True
MSP,Moosapet,800,night,53,56,438,146.0,0.6621315192743764,maintained,2.1951219512195124,0.20547945205479454,103.63330350536275,True
MSB,Musarambagh,300,evening_peak,63,21,411,102.75,1.0,maintained,6.666666666666667,0.29197080291970806,235.7566367351981,True
MSB,Musarambagh,300,late_night,1,1,1,0.2,0.0019464720194647203,no_service,300.0,150.0,235.7566367351981,False
MSB,Musarambagh,300,midday,57,21,575,95.83333333333333,0.9326845093268451,maintained,5.901639344262295,0.31304347826086965,235.7566367351981,True
MSB,Musarambagh,300,morning_peak,72,24,350,116.66666666666667,1.1354420113544201,maintained,7.826086956521739,0.2571428571428572,235.7566367351981,True
MSB,Musarambagh,300,night,36,9,112,37.333333333333336,0.3633414436334145,reduced,13.846153846153847,0.8035714285714287,235.7566367351981,True
MSB,Musarambagh,500,evening_peak,80,45,477,119.25,1.0,maintained,6.315789473684211,0.25157232704402516,235.7566367351981,True
MSB,Musarambagh,500,late_night,4,3,7,1.4,0.011740041928721173,collapsed,75.0,21.428571428571427,235.7566367351981,True
MSB,Musarambagh,500,midday,81,52,657,109.5,0.9182389937106918,maintained,5.0,0.273972602739726,235.7566367351981,True
MSB,Musarambagh,500,morning_peak,94,59,417,139.0,1.1656184486373165,maintained,6.923076923076923,0.21582733812949642,235.7566367351981,True
MSB,Musarambagh,500,night,43,25,210,70.0,0.5870020964360587,maintained,7.826086956521739,0.42857142857142855,235.7566367351981,True
MSB,Musarambagh,800,evening_peak,81,46,480,120.0,1.0,maintained,6.315789473684211,0.25,235.7566367351981,True
MSB,Musarambagh,800,late_night,4,3,7,1.4,0.011666666666666665,collapsed,75.0,21.428571428571427,235.7566367351981,True
MSB,Musarambagh,800,midday,81,52,661,110.16666666666667,0.9180555555555556,maintained,5.0,0.2723146747352496,235.7566367351981,True
MSB,Musarambagh,800,morning_peak,95,60,428,142.66666666666666,1.1888888888888889,maintained,6.923076923076923,0.21028037383177575,235.7566367351981,True
MSB,Musarambagh,800,night,44,25,213,71.0,0.5916666666666667,maintained,7.826086956521739,0.4225352112676056,235.7566367351981,True
MSH,Musheerabad,300,evening_peak,35,32,306,76.5,1.0,maintained,7.0588235294117645,0.3921568627450981,104.38777618565196,True
MSH,Musheerabad,300,late_night,2,1,2,0.4,0.005228758169934641,no_service,300.0,75.0,279.2176447480663,False
MSH,Musheerabad,300,midday,41,33,436,72.66666666666667,0.9498910675381265,maintained,7.0588235294117645,0.4128440366972477,104.38777618565196,True
MSH,Musheerabad,300,morning_peak,40,30,232,77.33333333333333,1.0108932461873639,maintained,6.428571428571429,0.3879310344827587,104.38777618565196,True
MSH,Musheerabad,300,night,26,18,156,52.0,0.6797385620915033,maintained,7.2,0.576923076923077,104.38777618565196,True
MSH,Musheerabad,500,evening_peak,41,37,344,86.0,1.0,maintained,7.0588235294117645,0.3488372093023256,104.38777618565196,True
MSH,Musheerabad,500,late_night,2,1,2,0.4,0.004651162790697674,no_service,300.0,75.0,279.2176447480663,False
MSH,Musheerabad,500,midday,46,36,506,84.33333333333333,0.9806201550387597,maintained,6.0,0.35573122529644263,104.38777618565196,True
MSH,Musheerabad,500,morning_peak,43,32,266,88.66666666666667,1.0310077519379846,maintained,6.428571428571429,0.3383458646616541,104.38777618565196,True
MSH,Musheerabad,500,night,29,21,176,58.666666666666664,0.6821705426356589,maintained,6.923076923076923,0.5113636363636364,104.38777618565196,True
MSH,Musheerabad,800,evening_peak,44,39,397,99.25,1.0,maintained,6.857142857142857,0.30226700251889177,104.38777618565196,True
MSH,Musheerabad,800,late_night,2,1,2,0.4,0.004030226700251889,no_service,300.0,75.0,279.2176447480663,False
MSH,Musheerabad,800,midday,49,39,584,97.33333333333333,0.980688497061293,maintained,6.0,0.30821917808219185,104.38777618565196,True
MSH,Musheerabad,800,morning_peak,47,34,314,104.66666666666667,1.054575986565911,maintained,6.0,0.28662420382165604,104.38777618565196,True
MSH,Musheerabad,800,night,32,24,200,66.66666666666667,0.6717044500419815,maintained,6.923076923076923,0.44999999999999996,104.38777618565196,True
NGR,NGRI,300,evening_peak,76,51,541,135.25,1.0,maintained,3.0,0.22181146025877999,94.5450512998011,True
NGR,NGRI,300,late_night,7,6,21,4.2,0.031053604436229208,collapsed,27.272727272727273,7.142857142857142,94.5450512998011,True
NGR,NGRI,300,midday,73,64,697,116.16666666666667,0.8589032655576094,maintained,3.364485981308411,0.25824964131994266,83.77596746728418,True
NGR,NGRI,300,morning_peak,65,46,338,112.66666666666667,0.8330252618607518,maintained,3.0508474576271185,0.26627218934911245,94.5450512998011,True
NGR,NGRI,300,night,53,27,271,90.33333333333333,0.6678989525569932,maintained,4.0,0.33210332103321044,94.5450512998011,True
NGR,NGRI,500,evening_peak,76,51,541,135.25,1.0,maintained,3.0,0.22181146025877999,94.5450512998011,True
NGR,NGRI,500,late_night,7,6,21,4.2,0.031053604436229208,collapsed,27.272727272727273,7.142857142857142,94.5450512998011,True
NGR,NGRI,500,midday,73,64,697,116.16666666666667,0.8589032655576094,maintained,3.364485981308411,0.25824964131994266,83.77596746728418,True
NGR,NGRI,500,morning_peak,65,46,338,112.66666666666667,0.8330252618607518,maintained,3.0508474576271185,0.26627218934911245,94.5450512998011,True
NGR,NGRI,500,night,53,27,271,90.33333333333333,0.6678989525569932,maintained,4.0,0.33210332103321044,94.5450512998011,True
NGR,NGRI,800,evening_peak,77,51,542,135.5,1.0,maintained,3.0,0.2214022140221402,94.5450512998011,True
NGR,NGRI,800,late_night,7,6,21,4.2,0.03099630996309963,collapsed,27.272727272727273,7.142857142857142,94.5450512998011,True
NGR,NGRI,800,midday,73,64,697,116.16666666666667,0.8573185731857319,maintained,3.364485981308411,0.25824964131994266,83.77596746728418,True
NGR,NGRI,800,morning_peak,66,46,339,113.0,0.8339483394833949,maintained,3.0508474576271185,0.26548672566371684,94.5450512998011,True
NGR,NGRI,800,night,53,27,271,90.33333333333333,0.6666666666666666,maintained,4.0,0.33210332103321044,94.5450512998011,True
NAG,Nagole,300,evening_peak,68,33,641,160.25,1.0,maintained,1.643835616438356,0.1872074882995319,25.793480915287653,True
NAG,Nagole,300,late_night,11,7,38,7.6,0.04742589703588143,collapsed,17.647058823529413,3.9473684210526323,25.793480915287653,True
NAG,Nagole,300,midday,63,35,823,137.16666666666666,0.8559542381695268,maintained,1.6901408450704225,0.21871202916160387,25.793480915287653,True
NAG,Nagole,300,morning_peak,59,32,463,154.33333333333334,0.9630785231409257,maintained,1.487603305785124,0.19438444924406054,25.793480915287653,True
NAG,Nagole,300,night,42,20,410,136.66666666666666,0.8528341133645345,maintained,1.875,0.21951219512195122,25.793480915287653,True
NAG,Nagole,500,evening_peak,68,33,641,160.25,1.0,maintained,1.643835616438356,0.1872074882995319,25.793480915287653,True
NAG,Nagole,500,late_night,11,7,38,7.6,0.04742589703588143,collapsed,17.647058823529413,3.9473684210526323,25.793480915287653,True
NAG,Nagole,500,midday,63,35,823,137.16666666666666,0.8559542381695268,maintained,1.6901408450704225,0.21871202916160387,25.793480915287653,True
NAG,Nagole,500,morning_peak,59,32,463,154.33333333333334,0.9630785231409257,maintained,1.487603305785124,0.19438444924406054,25.793480915287653,True
NAG,Nagole,500,night,42,20,410,136.66666666666666,0.8528341133645345,maintained,1.875,0.21951219512195122,25.793480915287653,True
NAG,Nagole,800,evening_peak,68,33,641,160.25,1.0,maintained,1.643835616438356,0.1872074882995319,25.793480915287653,True
NAG,Nagole,800,late_night,11,7,38,7.6,0.04742589703588143,collapsed,17.647058823529413,3.9473684210526323,25.793480915287653,True
NAG,Nagole,800,midday,63,35,823,137.16666666666666,0.8559542381695268,maintained,1.6901408450704225,0.21871202916160387,25.793480915287653,True
NAG,Nagole,800,morning_peak,59,32,463,154.33333333333334,0.9630785231409257,maintained,1.487603305785124,0.19438444924406054,25.793480915287653,True
NAG,Nagole,800,night,42,20,410,136.66666666666666,0.8528341133645345,maintained,1.875,0.21951219512195122,25.793480915287653,True
NAM,Nampally,300,evening_peak,83,53,747,186.75,1.0,maintained,3.2,0.1606425702811245,13.718674473259947,True
NAM,Nampally,300,late_night,8,6,19,3.8,0.02034805890227577,collapsed,37.5,7.894736842105263,13.718674473259947,True
NAM,Nampally,300,midday,89,62,995,165.83333333333334,0.8879964301651049,maintained,2.727272727272727,0.18090452261306533,13.718674473259947,True
NAM,Nampally,300,morning_peak,75,48,546,182.0,0.9745649263721553,maintained,3.103448275862069,0.16483516483516486,13.718674473259947,True
NAM,Nampally,300,night,45,29,233,77.66666666666667,0.4158857652833557,maintained,7.826086956521739,0.38626609442060095,13.718674473259947,True
NAM,Nampally,500,evening_peak,92,66,854,213.5,1.0,maintained,3.116883116883117,0.14051522248243561,13.718674473259947,True
NAM,Nampally,500,late_night,10,7,25,5.0,0.0234192037470726,collapsed,37.5,6.0,13.718674473259947,True
NAM,Nampally,500,midday,98,68,1133,188.83333333333334,0.8844652615144419,maintained,2.727272727272727,0.15887025595763463,13.718674473259947,True
NAM,Nampally,500,morning_peak,84,55,632,210.66666666666666,0.9867291178766588,maintained,3.103448275862069,0.14240506329113925,13.718674473259947,True
NAM,Nampally,500,night,51,35,293,97.66666666666667,0.4574551131928181,maintained,5.806451612903226,0.30716723549488056,13.718674473259947,True
NAM,Nampally,800,evening_peak,107,89,976,244.0,1.0,maintained,2.857142857142857,0.12295081967213116,13.718674473259947,True
NAM,Nampally,800,late_night,16,12,51,10.2,0.041803278688524584,collapsed,33.333333333333336,2.941176470588235,13.718674473259947,True
NAM,Nampally,800,midday,120,90,1260,210.0,0.860655737704918,maintained,2.727272727272727,0.14285714285714285,13.718674473259947,True
NAM,Nampally,800,morning_peak,100,85,723,241.0,0.9877049180327869,maintained,3.103448275862069,0.12448132780082988,13.718674473259947,True
NAM,Nampally,800,night,61,54,476,158.66666666666666,0.6502732240437158,maintained,4.090909090909091,0.1890756302521009,13.718674473259947,True
NAR,Narayanaguda,300,evening_peak,31,29,252,63.0,1.0,maintained,7.0588235294117645,0.4761904761904763,12.920229811657666,True
NAR,Narayanaguda,300,late_night,2,2,5,1.0,0.015873015873015872,collapsed,75.0,30.0,12.920229811657666,True
NAR,Narayanaguda,300,midday,32,28,329,54.833333333333336,0.8703703703703705,maintained,7.346938775510204,0.5471124620060791,12.920229811657666,True
NAR,Narayanaguda,300,morning_peak,31,23,199,66.33333333333333,1.0529100529100528,maintained,6.666666666666667,0.4522613065326633,12.920229811657666,True
NAR,Narayanaguda,300,night,26,16,140,46.666666666666664,0.7407407407407407,maintained,5.454545454545454,0.6428571428571428,12.920229811657666,True
NAR,Narayanaguda,500,evening_peak,45,37,404,101.0,1.0,maintained,7.0588235294117645,0.2970297029702971,12.920229811657666,True
NAR,Narayanaguda,500,late_night,4,3,7,1.4,0.01386138613861386,collapsed,75.0,21.428571428571427,12.920229811657666,True
NAR,Narayanaguda,500,midday,52,37,576,96.0,0.9504950495049505,maintained,6.428571428571429,0.3125,12.920229811657666,True
NAR,Narayanaguda,500,morning_peak,53,30,340,113.33333333333333,1.1221122112211221,maintained,6.206896551724138,0.2647058823529412,12.920229811657666,True
NAR,Narayanaguda,500,night,38,22,216,72.0,0.7128712871287128,maintained,5.454545454545454,0.4166666666666667,12.920229811657666,True
NAR,Narayanaguda,800,evening_peak,72,78,678,169.5,1.0,maintained,4.615384615384615,0.1769911504424779,12.920229811657666,True
NAR,Narayanaguda,800,late_night,9,8,16,3.2,0.01887905604719764,collapsed,75.0,9.375,12.920229811657666,True
NAR,Narayanaguda,800,midday,84,84,946,157.66666666666666,0.9301868239921337,maintained,4.390243902439025,0.1902748414376322,12.920229811657666,True
NAR,Narayanaguda,800,morning_peak,80,71,568,189.33333333333334,1.1170108161258605,maintained,3.5294117647058822,0.15845070422535212,12.920229811657666,True
NAR,Narayanaguda,800,night,68,49,368,122.66666666666667,0.7236971484759096,maintained,5.142857142857143,0.24456521739130438,12.920229811657666,True
NEM,New Market,300,evening_peak,60,34,357,89.25,1.0,maintained,6.486486486486487,0.33613445378151263,113.01678590754041,True
NEM,New Market,300,late_night,3,3,6,1.2,0.013445378151260503,collapsed,75.0,25.0,113.01678590754041,True
NEM,New Market,300,midday,59,37,483,80.5,0.9019607843137255,maintained,7.5,0.37267080745341624,113.01678590754041,True
NEM,New Market,300,morning_peak,71,42,314,104.66666666666667,1.1727357609710551,maintained,6.923076923076923,0.2866242038216561,113.01678590754041,True
NEM,New Market,300,night,34,16,149,49.666666666666664,0.5564892623716153,maintained,9.0,0.604026845637584,113.01678590754041,True
NEM,New Market,500,evening_peak,98,47,538,134.5,1.0,maintained,4.363636363636363,0.2230483271375464,113.01678590754041,True
NEM,New Market,500,late_night,5,4,9,1.8,0.013382899628252789,collapsed,75.0,16.666666666666664,113.01678590754041,True
NEM,New Market,500,midday,96,50,728,121.33333333333333,0.9021065675340768,maintained,6.206896551724138,0.24725274725274726,113.01678590754041,True
NEM,New Market,500,morning_peak,112,56,446,148.66666666666666,1.1053283767038413,maintained,6.666666666666667,0.20179372197309417,113.01678590754041,True
NEM,New Market,500,night,58,24,240,80.0,0.5947955390334573,maintained,9.0,0.375,113.01678590754041,True
NEM,New Market,800,evening_peak,117,60,580,145.0,1.0,maintained,4.363636363636363,0.20689655172413782,113.01678590754041,True
NEM,New Market,800,late_night,7,4,11,2.2,0.01517241379310345,collapsed,75.0,13.636363636363637,113.01678590754041,True
NEM,New Market,800,midday,118,66,808,134.66666666666666,0.928735632183908,maintained,5.0,0.22277227722772278,113.01678590754041,True
NEM,New Market,800,morning_peak,129,70,506,168.66666666666666,1.1632183908045977,maintained,6.666666666666667,0.17786561264822134,113.01678590754041,True
NEM,New Market,800,night,67,28,264,88.0,0.6068965517241379,maintained,8.571428571428571,0.3409090909090909,113.01678590754041,True
OMC,Osmania Medical College,300,evening_peak,83,59,909,227.25,1.0,maintained,1.6666666666666667,0.132013201320132,18.19194559262326,True
OMC,Osmania Medical College,300,late_night,6,4,15,3.0,0.013201320132013201,collapsed,30.0,10.0,106.2683862863633,True
OMC,Osmania Medical College,300,midday,89,60,1277,212.83333333333334,0.9365603226989366,maintained,2.011173184357542,0.14095536413469067,18.19194559262326,True
OMC,Osmania Medical College,300,morning_peak,84,53,661,220.33333333333334,0.9695636230289696,maintained,2.4324324324324325,0.13615733736762484,18.19194559262326,True
OMC,Osmania Medical College,300,night,55,36,351,117.0,0.5148514851485149,maintained,4.0,0.25641025641025644,106.2683862863633,True
OMC,Osmania Medical College,500,evening_peak,138,122,1752,438.0,1.0,maintained,1.6666666666666667,0.0684931506849315,18.19194559262326,True
OMC,Osmania Medical College,500,late_night,26,15,62,12.4,0.028310502283105023,collapsed,30.0,2.4193548387096775,106.2683862863633,True
OMC,Osmania Medical College,500,midday,156,127,2312,385.3333333333333,0.8797564687975646,maintained,2.011173184357542,0.07785467128027682,18.19194559262326,True
OMC,Osmania Medical College,500,morning_peak,136,109,1225,408.3333333333333,0.9322678843226788,maintained,2.4324324324324325,0.07346938775510205,18.19194559262326,True
OMC,Osmania Medical College,500,night,98,72,807,269.0,0.6141552511415526,maintained,4.0,0.11152416356877326,106.2683862863633,True
OMC,Osmania Medical College,800,evening_peak,220,161,2391,597.75,1.0,maintained,1.6666666666666667,0.05018820577164365,18.19194559262326,True
OMC,Osmania Medical College,800,late_night,30,20,67,13.4,0.022417398578000836,collapsed,30.0,2.238805970149254,106.2683862863633,True
OMC,Osmania Medical College,800,midday,235,173,3188,531.3333333333334,0.888888888888889,maintained,2.011173184357542,0.05646173149309912,18.19194559262326,True
OMC,Osmania Medical College,800,morning_peak,223,158,1734,578.0,0.9669594312003346,maintained,2.4324324324324325,0.051903114186851215,18.19194559262326,True
OMC,Osmania Medical College,800,night,155,99,1102,367.3333333333333,0.6145266973372369,maintained,4.0,0.08166969147005446,106.2683862863633,True
PUN,Panjagutta,300,evening_peak,85,80,820,205.0,1.0,maintained,3.4782608695652173,0.14634146341463414,35.965273708203085,True
PUN,Panjagutta,300,late_night,6,6,13,2.6,0.012682926829268294,collapsed,50.0,11.538461538461538,35.965273708203085,True
PUN,Panjagutta,300,midday,99,86,993,165.5,0.8073170731707318,maintained,4.285714285714286,0.18126888217522658,35.965273708203085,True
PUN,Panjagutta,300,morning_peak,78,68,543,181.0,0.8829268292682927,maintained,4.0,0.16574585635359118,35.965273708203085,True
PUN,Panjagutta,300,night,51,45,354,118.0,0.5756097560975609,maintained,3.673469387755102,0.25423728813559326,35.965273708203085,True
PUN,Panjagutta,500,evening_peak,92,93,885,221.25,1.0,maintained,3.380281690140845,0.13559322033898302,35.965273708203085,True
PUN,Panjagutta,500,late_night,6,6,13,2.6,0.011751412429378532,collapsed,50.0,11.538461538461538,35.965273708203085,True
PUN,Panjagutta,500,midday,108,94,1078,179.66666666666666,0.8120527306967984,maintained,3.6,0.16697588126159557,35.965273708203085,True
PUN,Panjagutta,500,morning_peak,85,74,593,197.66666666666666,0.8934086629001883,maintained,3.9130434782608696,0.15177065767284995,35.965273708203085,True
PUN,Panjagutta,500,night,56,50,414,138.0,0.6237288135593221,maintained,3.673469387755102,0.2173913043478261,35.965273708203085,True
PUN,Panjagutta,800,evening_peak,115,108,1244,311.0,1.0,maintained,2.0338983050847457,0.09646302250803859,35.965273708203085,True
PUN,Panjagutta,800,late_night,16,10,40,8.0,0.02572347266881029,collapsed,42.857142857142854,3.749999999999999,35.965273708203085,True
PUN,Panjagutta,800,midday,128,110,1479,246.5,0.792604501607717,maintained,2.975206611570248,0.12170385395537528,35.965273708203085,True
PUN,Panjagutta,800,morning_peak,106,87,819,273.0,0.8778135048231511,maintained,2.5,0.10989010989010989,35.965273708203085,True
PUN,Panjagutta,800,night,72,62,599,199.66666666666666,0.6420150053590568,maintained,2.8125,0.15025041736227046,35.965273708203085,True
PRG,Parade Ground,300,evening_peak,218,146,1739,434.75,1.0,maintained,1.1111111111111112,0.06900517538815412,88.41545030466517,True
PRG,Parade Ground,300,late_night,24,8,64,12.8,0.029442208165612424,collapsed,25.0,2.34375,88.41545030466517,True
PRG,Parade Ground,300,midday,231,143,2215,369.1666666666667,0.8491470193597853,maintained,1.2,0.08126410835214448,88.41545030466517,True
PRG,Parade Ground,300,morning_peak,180,121,1138,379.3333333333333,0.8725321065746597,maintained,1.3740458015267176,0.07908611599297014,88.41545030466517,True
PRG,Parade Ground,300,night,156,88,925,308.3333333333333,0.7092198581560283,maintained,1.4634146341463414,0.0972972972972973,88.41545030466517,True
PRG,Parade Ground,500,evening_peak,244,156,2130,532.5,1.0,maintained,1.1111111111111112,0.05633802816901409,88.41545030466517,True
PRG,Parade Ground,500,late_night,33,10,127,25.4,0.04769953051643192,collapsed,14.285714285714286,1.1811023622047243,88.41545030466517,True
PRG,Parade Ground,500,midday,261,169,2789,464.8333333333333,0.8729264475743349,maintained,1.2,0.0645392613840086,88.41545030466517,True
PRG,Parade Ground,500,morning_peak,208,139,1379,459.6666666666667,0.8632237871674492,maintained,1.3740458015267176,0.06526468455402466,88.41545030466517,True
PRG,Parade Ground,500,night,181,91,1130,376.6666666666667,0.7073552425665102,maintained,1.4634146341463414,0.07964601769911506,88.41545030466517,True
PRG,Parade Ground,800,evening_peak,256,159,2171,542.75,1.0,maintained,1.1111111111111112,0.05527406725011516,88.41545030466517,True
PRG,Parade Ground,800,late_night,39,12,136,27.2,0.05011515430677107,poor,14.285714285714286,1.102941176470588,88.41545030466517,True
PRG,Parade Ground,800,midday,277,178,2852,475.3333333333333,0.8757868877629357,maintained,1.2,0.06311360448807854,88.41545030466517,True
PRG,Parade Ground,800,morning_peak,220,144,1407,469.0,0.8641179180101336,maintained,1.3740458015267176,0.06396588486140725,88.41545030466517,True
PRG,Parade Ground,800,night,190,96,1174,391.3333333333333,0.7210194994626132,maintained,1.4634146341463414,0.07666098807495741,88.41545030466517,True
PAR,Paradise,300,evening_peak,85,65,835,208.75,1.0,maintained,1.4906832298136645,0.14371257485029937,36.185857522294626,True
PAR,Paradise,300,late_night,8,6,23,4.6,0.022035928143712573,collapsed,37.5,6.521739130434783,36.185857522294626,True
PAR,Paradise,300,midday,103,72,1008,168.0,0.8047904191616766,maintained,1.8181818181818181,0.17857142857142858,36.185857522294626,True
PAR,Paradise,300,morning_peak,77,59,499,166.33333333333334,0.796806387225549,maintained,2.3684210526315788,0.1803607214428858,36.185857522294626,True
PAR,Paradise,300,night,61,38,402,134.0,0.6419161676646706,maintained,2.4657534246575343,0.22388059701492538,36.185857522294626,True
PAR,Paradise,500,evening_peak,110,85,985,246.25,1.0,maintained,1.3953488372093024,0.12182741116751271,36.185857522294626,True
PAR,Paradise,500,late_night,18,9,36,7.2,0.029238578680203048,collapsed,37.5,4.166666666666667,36.185857522294626,True
PAR,Paradise,500,midday,125,90,1145,190.83333333333334,0.7749576988155669,maintained,1.8181818181818181,0.1572052401746725,36.185857522294626,True
PAR,Paradise,500,morning_peak,95,71,606,202.0,0.8203045685279188,maintained,1.8556701030927836,0.14851485148514856,36.185857522294626,True
PAR,Paradise,500,night,78,49,556,185.33333333333334,0.7526226734348562,maintained,1.894736842105263,0.16187050359712232,36.185857522294626,True
PAR,Paradise,800,evening_peak,111,85,992,248.0,1.0,maintained,1.3953488372093024,0.12096774193548389,36.185857522294626,True
PAR,Paradise,800,late_night,19,9,43,8.6,0.03467741935483871,collapsed,37.5,3.488372093023256,36.185857522294626,True
PAR,Paradise,800,midday,129,91,1167,194.5,0.7842741935483871,maintained,1.8181818181818181,0.15424164524421596,36.185857522294626,True
PAR,Paradise,800,morning_peak,97,71,616,205.33333333333334,0.8279569892473119,maintained,1.8556701030927836,0.14610389610389612,36.185857522294626,True
PAR,Paradise,800,night,79,49,562,187.33333333333334,0.7553763440860215,maintained,1.894736842105263,0.1601423487544484,36.185857522294626,True
PED,Peddamma Gudi,300,evening_peak,16,17,218,54.5,1.0,maintained,1.9834710743801653,0.5504587155963302,162.83702617644252,True
PED,Peddamma Gudi,300,late_night,4,2,16,3.2,0.05871559633027523,poor,33.333333333333336,9.375,162.83702617644252,True
PED,Peddamma Gudi,300,midday,15,12,219,36.5,0.6697247706422018,maintained,2.7906976744186047,0.8219178082191781,162.83702617644252,True
PED,Peddamma Gudi,300,morning_peak,16,13,140,46.666666666666664,0.8562691131498471,maintained,2.4657534246575343,0.6428571428571429,162.83702617644252,True
PED,Peddamma Gudi,300,night,8,10,94,31.333333333333332,0.5749235474006116,maintained,3.0508474576271185,0.9574468085106385,162.83702617644252,True
PED,Peddamma Gudi,500,evening_peak,19,21,268,67.0,1.0,maintained,1.9834710743801653,0.4477611940298508,162.83702617644252,True
PED,Peddamma Gudi,500,late_night,4,2,16,3.2,0.04776119402985075,collapsed,33.333333333333336,9.375,162.83702617644252,True
PED,Peddamma Gudi,500,midday,19,16,278,46.333333333333336,0.691542288557214,maintained,2.7906976744186047,0.6474820143884892,162.83702617644252,True
PED,Peddamma Gudi,500,morning_peak,21,16,180,60.0,0.8955223880597015,maintained,2.4657534246575343,0.5000000000000001,162.83702617644252,True
PED,Peddamma Gudi,500,night,8,12,114,38.0,0.5671641791044776,maintained,3.0508474576271185,0.7894736842105263,162.83702617644252,True
PED,Peddamma Gudi,800,evening_peak,19,21,268,67.0,1.0,maintained,1.9834710743801653,0.4477611940298508,162.83702617644252,True
PED,Peddamma Gudi,800,late_night,4,2,16,3.2,0.04776119402985075,collapsed,33.333333333333336,9.375,162.83702617644252,True
PED,Peddamma Gudi,800,midday,19,16,280,46.666666666666664,0.6965174129353233,maintained,2.7906976744186047,0.6428571428571428,162.83702617644252,True
PED,Peddamma Gudi,800,morning_peak,21,16,180,60.0,0.8955223880597015,maintained,2.4657534246575343,0.5000000000000001,162.83702617644252,True
PED,Peddamma Gudi,800,night,8,12,114,38.0,0.5671641791044776,maintained,3.0508474576271185,0.7894736842105263,162.83702617644252,True
PRN,Prakash Nagar,300,evening_peak,43,32,471,117.75,1.0,maintained,2.1621621621621623,0.25477707006369427,96.31982599953987,True
PRN,Prakash Nagar,300,late_night,6,4,15,3.0,0.025477707006369428,collapsed,50.0,10.0,96.31982599953987,True
PRN,Prakash Nagar,300,midday,42,35,546,91.0,0.772823779193206,maintained,2.9508196721311477,0.32967032967032966,96.31982599953987,True
PRN,Prakash Nagar,300,morning_peak,36,27,286,95.33333333333333,0.8096249115357396,maintained,2.4657534246575343,0.3146853146853147,96.31982599953987,True
PRN,Prakash Nagar,300,night,24,18,255,85.0,0.721868365180467,maintained,2.535211267605634,0.35294117647058826,96.31982599953987,True
PRN,Prakash Nagar,500,evening_peak,45,33,486,121.5,1.0,maintained,2.142857142857143,0.2469135802469136,96.31982599953987,True
PRN,Prakash Nagar,500,late_night,8,4,19,3.8,0.031275720164609055,collapsed,50.0,7.894736842105263,96.31982599953987,True
PRN,Prakash Nagar,500,midday,43,35,556,92.66666666666667,0.7626886145404664,maintained,2.9508196721311477,0.32374100719424465,96.31982599953987,True
PRN,Prakash Nagar,500,morning_peak,38,28,293,97.66666666666667,0.8038408779149521,maintained,2.4657534246575343,0.30716723549488056,96.31982599953987,True
PRN,Prakash Nagar,500,night,25,18,261,87.0,0.7160493827160493,maintained,2.535211267605634,0.3448275862068966,96.31982599953987,True
PRN,Prakash Nagar,800,evening_peak,46,34,490,122.5,1.0,maintained,2.142857142857143,0.24489795918367344,96.31982599953987,True
PRN,Prakash Nagar,800,late_night,9,5,26,5.2,0.04244897959183674,collapsed,42.857142857142854,5.769230769230769,96.31982599953987,True
PRN,Prakash Nagar,800,midday,47,37,579,96.5,0.7877551020408163,maintained,2.9508196721311477,0.3108808290155441,96.31982599953987,True
PRN,Prakash Nagar,800,morning_peak,39,29,308,102.66666666666667,0.8380952380952381,maintained,2.4,0.29220779220779225,96.31982599953987,True
PRN,Prakash Nagar,800,night,28,19,274,91.33333333333333,0.745578231292517,maintained,2.5,0.3284671532846716,96.31982599953987,True
RTC,RTC Cross Roads,300,evening_peak,40,41,329,82.25,1.0,maintained,6.857142857142857,0.36474164133738607,117.547767650584,True
RTC,RTC Cross Roads,300,late_night,3,2,3,0.6,0.00729483282674772,no_service,300.0,50.0,117.547767650584,True
RTC,RTC Cross Roads,300,midday,48,41,463,77.16666666666667,0.9381965552178319,maintained,6.923076923076923,0.38876889848812096,117.547767650584,True
RTC,RTC Cross Roads,300,morning_peak,46,36,256,85.33333333333333,1.0374873353596756,maintained,6.428571428571429,0.3515625,117.547767650584,True
RTC,RTC Cross Roads,300,night,32,26,179,59.666666666666664,0.7254305977710233,maintained,6.923076923076923,0.5027932960893855,117.547767650584,True
RTC,RTC Cross Roads,500,evening_peak,40,41,329,82.25,1.0,maintained,6.857142857142857,0.36474164133738607,117.547767650584,True
RTC,RTC Cross Roads,500,late_night,3,2,3,0.6,0.00729483282674772,no_service,300.0,50.0,117.547767650584,True
RTC,RTC Cross Roads,500,midday,48,41,463,77.16666666666667,0.9381965552178319,maintained,6.923076923076923,0.38876889848812096,117.547767650584,True
RTC,RTC Cross Roads,500,morning_peak,46,36,256,85.33333333333333,1.0374873353596756,maintained,6.428571428571429,0.3515625,117.547767650584,True
RTC,RTC Cross Roads,500,night,32,26,179,59.666666666666664,0.7254305977710233,maintained,6.923076923076923,0.5027932960893855,117.547767650584,True
RTC,RTC Cross Roads,800,evening_peak,51,48,438,109.5,1.0,maintained,6.857142857142857,0.273972602739726,117.547767650584,True
RTC,RTC Cross Roads,800,late_night,5,3,11,2.2,0.020091324200913245,collapsed,42.857142857142854,13.636363636363637,117.547767650584,True
RTC,RTC Cross Roads,800,midday,64,52,648,108.0,0.9863013698630136,maintained,6.7924528301886795,0.2777777777777778,117.547767650584,True
RTC,RTC Cross Roads,800,morning_peak,56,45,342,114.0,1.0410958904109588,maintained,6.206896551724138,0.2631578947368421,117.547767650584,True
RTC,RTC Cross Roads,800,night,44,33,287,95.66666666666667,0.873668188736682,maintained,5.0,0.3135888501742161,117.547767650584,True
RDG,Raidurg,300,evening_peak,20,23,136,34.0,1.0,maintained,3.8095238095238093,0.8823529411764706,16.50408221912909,True
RDG,Raidurg,300,late_night,0,0,0,0.0,0.0,no_service,,inf,,False
RDG,Raidurg,300,midday,17,16,151,25.166666666666668,0.7401960784313726,maintained,4.5,1.1920529801324506,16.50408221912909,True
RDG,Raidurg,300,morning_peak,20,20,102,34.0,1.0,maintained,3.4615384615384617,0.8823529411764708,16.50408221912909,True
RDG,Raidurg,300,night,10,13,57,19.0,0.5588235294117647,maintained,5.0,1.5789473684210527,16.50408221912909,True
RDG,Raidurg,500,evening_peak,23,26,154,38.5,1.0,maintained,3.6923076923076925,0.7792207792207795,16.50408221912909,True
RDG,Raidurg,500,late_night,0,0,0,0.0,0.0,no_service,,inf,,False
RDG,Raidurg,500,midday,22,22,168,28.0,0.7272727272727273,maintained,4.186046511627907,1.0714285714285716,16.50408221912909,True
RDG,Raidurg,500,morning_peak,23,25,115,38.333333333333336,0.9956709956709957,maintained,3.272727272727273,0.7826086956521743,16.50408221912909,True
RDG,Raidurg,500,night,11,16,66,22.0,0.5714285714285714,maintained,4.864864864864865,1.3636363636363638,16.50408221912909,True
RDG,Raidurg,800,evening_peak,23,26,154,38.5,1.0,maintained,3.6923076923076925,0.7792207792207795,16.50408221912909,True
RDG,Raidurg,800,late_night,0,0,0,0.0,0.0,no_service,,inf,,False
RDG,Raidurg,800,midday,22,22,168,28.0,0.7272727272727273,maintained,4.186046511627907,1.0714285714285716,16.50408221912909,True
RDG,Raidurg,800,morning_peak,23,25,115,38.333333333333336,0.9956709956709957,maintained,3.272727272727273,0.7826086956521743,16.50408221912909,True
RDG,Raidurg,800,night,11,16,66,22.0,0.5714285714285714,maintained,4.864864864864865,1.3636363636363638,16.50408221912909,True
ROP,Rasoolpura,300,evening_peak,54,36,498,124.5,1.0,maintained,2.1238938053097347,0.24096385542168677,150.1556399412749,True
ROP,Rasoolpura,300,late_night,9,6,24,4.8,0.038554216867469876,collapsed,37.5,6.25,150.1556399412749,True
ROP,Rasoolpura,300,midday,53,36,588,98.0,0.7871485943775101,maintained,2.706766917293233,0.30612244897959184,150.1556399412749,True
ROP,Rasoolpura,300,morning_peak,47,30,311,103.66666666666667,0.8326639892904953,maintained,2.5,0.2893890675241158,145.52641652036948,True
ROP,Rasoolpura,300,night,30,19,275,91.66666666666667,0.7362784471218207,maintained,2.2222222222222223,0.3272727272727273,150.1556399412749,True
ROP,Rasoolpura,500,evening_peak,55,36,505,126.25,1.0,maintained,2.1238938053097347,0.23762376237623764,150.1556399412749,True
ROP,Rasoolpura,500,late_night,11,6,32,6.4,0.050693069306930696,poor,37.5,4.6875,150.1556399412749,True
ROP,Rasoolpura,500,midday,54,36,599,99.83333333333333,0.7907590759075908,maintained,2.706766917293233,0.3005008347245409,150.1556399412749,True
ROP,Rasoolpura,500,morning_peak,48,30,317,105.66666666666667,0.836963696369637,maintained,2.5,0.28391167192429023,145.52641652036948,True
ROP,Rasoolpura,500,night,31,19,281,93.66666666666667,0.7419141914191419,maintained,2.2222222222222223,0.3202846975088968,150.1556399412749,True
ROP,Rasoolpura,800,evening_peak,56,36,508,127.0,1.0,maintained,2.1238938053097347,0.23622047244094493,150.1556399412749,True
ROP,Rasoolpura,800,late_night,11,6,33,6.6,0.05196850393700787,poor,37.5,4.545454545454546,150.1556399412749,True
ROP,Rasoolpura,800,midday,54,37,606,101.0,0.7952755905511811,maintained,2.706766917293233,0.29702970297029707,150.1556399412749,True
ROP,Rasoolpura,800,morning_peak,48,30,321,107.0,0.84251968503937,maintained,2.4657534246575343,0.28037383177570097,145.52641652036948,True
ROP,Rasoolpura,800,night,31,19,286,95.33333333333333,0.7506561679790026,maintained,2.2222222222222223,0.3146853146853147,150.1556399412749,True
JR5,Road No 5 Jubilee Hills,300,evening_peak,7,8,139,34.75,1.0,maintained,2.0168067226890756,0.8633093525179857,181.19131126890753,True
JR5,Road No 5 Jubilee Hills,300,late_night,1,0,5,1.0,0.02877697841726619,collapsed,60.0,30.0,181.19131126890753,True
JR5,Road No 5 Jubilee Hills,300,midday,7,8,156,26.0,0.7482014388489209,maintained,2.8125,1.1538461538461537,181.19131126890753,True
JR5,Road No 5 Jubilee Hills,300,morning_peak,6,7,89,29.666666666666668,0.8537170263788969,maintained,2.3684210526315788,1.0112359550561798,181.19131126890753,True
JR5,Road No 5 Jubilee Hills,300,night,4,3,71,23.666666666666668,0.6810551558752997,maintained,2.903225806451613,1.267605633802817,181.19131126890753,True
JR5,Road No 5 Jubilee Hills,500,evening_peak,9,9,143,35.75,1.0,maintained,2.0168067226890756,0.8391608391608392,181.19131126890753,True
JR5,Road No 5 Jubilee Hills,500,late_night,1,0,5,1.0,0.027972027972027972,collapsed,60.0,30.0,181.19131126890753,True
JR5,Road No 5 Jubilee Hills,500,midday,9,9,158,26.333333333333332,0.7365967365967365,maintained,2.8125,1.1392405063291138,181.19131126890753,True
JR5,Road No 5 Jubilee Hills,500,morning_peak,8,8,92,30.666666666666668,0.8578088578088578,maintained,2.3684210526315788,0.9782608695652175,181.19131126890753,True
JR5,Road No 5 Jubilee Hills,500,night,4,3,71,23.666666666666668,0.662004662004662,maintained,2.903225806451613,1.267605633802817,181.19131126890753,True
JR5,Road No 5 Jubilee Hills,800,evening_peak,22,26,290,72.5,1.0,maintained,2.0168067226890756,0.41379310344827597,181.19131126890753,True
JR5,Road No 5 Jubilee Hills,800,late_night,3,2,11,2.2,0.0303448275862069,collapsed,60.0,13.636363636363637,181.19131126890753,True
JR5,Road No 5 Jubilee Hills,800,midday,22,20,301,50.166666666666664,0.6919540229885057,maintained,2.8125,0.5980066445182725,181.19131126890753,True
JR5,Road No 5 Jubilee Hills,800,morning_peak,20,20,173,57.666666666666664,0.7954022988505747,maintained,2.3684210526315788,0.5202312138728323,181.19131126890753,True
JR5,Road No 5 Jubilee Hills,800,night,13,12,144,48.0,0.6620689655172414,maintained,2.903225806451613,0.625,181.19131126890753,True
SRN,S. R. Nagar,300,evening_peak,69,46,613,153.25,1.0,maintained,3.2432432432432434,0.19575856443719405,17.2475734987958,True
SRN,S. R. Nagar,300,late_night,4,3,7,1.4,0.009135399673735726,no_service,100.0,21.428571428571427,17.2475734987958,True
SRN,S. R. Nagar,300,midday,68,45,768,128.0,0.835236541598695,maintained,3.6363636363636362,0.23437500000000006,17.2475734987958,True
SRN,S. R. Nagar,300,morning_peak,60,39,427,142.33333333333334,0.9287656334964656,maintained,3.8297872340425534,0.21077283372365344,17.2475734987958,True
SRN,S. R. Nagar,300,night,35,23,184,61.333333333333336,0.40021750951604135,maintained,9.473684210526315,0.48913043478260876,17.2475734987958,True
SRN,S. R. Nagar,500,evening_peak,83,81,843,210.75,1.0,maintained,2.1052631578947367,0.14234875444839856,17.2475734987958,True
SRN,S. R. Nagar,500,late_night,10,7,22,4.4,0.02087781731909846,collapsed,50.0,6.818181818181819,17.2475734987958,True
SRN,S. R. Nagar,500,midday,93,81,1043,173.83333333333334,0.8248319493871096,maintained,2.88,0.17257909875359542,17.2475734987958,True
SRN,S. R. Nagar,500,morning_peak,86,73,582,194.0,0.9205219454329775,maintained,2.5,0.154639175257732,17.2475734987958,True
SRN,S. R. Nagar,500,night,50,47,401,133.66666666666666,0.6342427837089758,maintained,2.608695652173913,0.22443890274314213,17.2475734987958,True
SRN,S. R. Nagar,800,evening_peak,88,86,940,235.0,1.0,maintained,2.0168067226890756,0.12765957446808512,17.2475734987958,True
SRN,S. R. Nagar,800,late_night,10,7,22,4.4,0.01872340425531915,collapsed,50.0,6.818181818181819,17.2475734987958,True
SRN,S. R. Nagar,800,midday,96,87,1130,188.33333333333334,0.8014184397163121,maintained,2.8346456692913384,0.1592920353982301,17.2475734987958,True
SRN,S. R. Nagar,800,morning_peak,89,77,643,214.33333333333334,0.9120567375886526,maintained,2.5,0.13996889580093314,17.2475734987958,True
SRN,S. R. Nagar,800,night,52,49,439,146.33333333333334,0.6226950354609929,maintained,2.608695652173913,0.20501138952164008,17.2475734987958,True
SEC_E,Secunderabad East,300,evening_peak,166,82,1954,488.5,1.0,maintained,3.037974683544304,0.061412487205731836,135.4982133232239,True
SEC_E,Secunderabad East,300,late_night,15,7,26,5.2,0.010644831115660185,collapsed,75.0,5.769230769230769,135.4982133232239,True
SEC_E,Secunderabad East,300,midday,199,101,2673,445.5,0.9119754350051177,maintained,2.6865671641791047,0.06734006734006735,135.4982133232239,True
SEC_E,Secunderabad East,300,morning_peak,170,84,1276,425.3333333333333,0.8706925963834868,maintained,3.272727272727273,0.07053291536050157,135.4982133232239,True
SEC_E,Secunderabad East,300,night,126,48,847,282.3333333333333,0.5779597407028317,maintained,4.615384615384615,0.10625737898465171,135.4982133232239,True
SEC_E,Secunderabad East,500,evening_peak,341,208,4393,1098.25,1.0,maintained,0.633245382585752,0.027316184839517414,135.4982133232239,True
SEC_E,Secunderabad East,500,late_night,45,13,123,24.6,0.02239927156840428,collapsed,21.428571428571427,1.2195121951219512,135.4982133232239,True
SEC_E,Secunderabad East,500,midday,368,233,5766,961.0,0.8750284543592078,maintained,0.6463195691202872,0.03121748178980229,135.4982133232239,True
SEC_E,Secunderabad East,500,morning_peak,320,192,2801,933.6666666666666,0.8501403748387586,maintained,0.782608695652174,0.03213138164941093,135.4982133232239,True
SEC_E,Secunderabad East,500,night,243,129,1975,658.3333333333334,0.5994385006449655,maintained,1.267605633802817,0.04556962025316456,135.4982133232239,True
SEC_E,Secunderabad East,800,evening_peak,345,208,4427,1106.75,1.0,maintained,0.633245382585752,0.02710639259091936,135.4982133232239,True
SEC_E,Secunderabad East,800,late_night,48,14,141,28.2,0.025480009035464195,collapsed,20.0,1.0638297872340425,135.4982133232239,True
SEC_E,Secunderabad East,800,midday,369,233,5804,967.3333333333334,0.8740305699871997,maintained,0.6463195691202872,0.03101309441764301,135.4982133232239,True
SEC_E,Secunderabad East,800,morning_peak,324,193,2824,941.3333333333334,0.8505383630750697,maintained,0.782608695652174,0.03186968838526912,135.4982133232239,True
SEC_E,Secunderabad East,800,night,246,129,1992,664.0,0.5999548226790151,maintained,1.267605633802817,0.045180722891566265,135.4982133232239,True
SCR,Secunderabad West,300,evening_peak,251,151,3221,805.25,1.0,maintained,0.633245382585752,0.03725551071095934,224.57526433178026,True
SCR,Secunderabad West,300,late_night,38,10,112,22.4,0.027817447997516297,collapsed,21.428571428571427,1.3392857142857142,224.57526433178026,True
SCR,Secunderabad West,300,midday,264,161,4170,695.0,0.8630859981372244,maintained,0.6463195691202872,0.04316546762589928,224.57526433178026,True
SCR,Secunderabad West,300,morning_peak,219,135,1989,663.0,0.8233467867122012,maintained,0.782608695652174,0.04524886877828054,224.57526433178026,True
SCR,Secunderabad West,300,night,183,98,1465,488.3333333333333,0.6064369243506157,maintained,1.267605633802817,0.06143344709897612,224.57526433178026,True
SCR,Secunderabad West,500,evening_peak,251,151,3221,805.25,1.0,maintained,0.633245382585752,0.03725551071095934,224.57526433178026,True
SCR,Secunderabad West,500,late_night,38,10,112,22.4,0.027817447997516297,collapsed,21.428571428571427,1.3392857142857142,224.57526433178026,True
SCR,Secunderabad West,500,midday,264,161,4170,695.0,0.8630859981372244,maintained,0.6463195691202872,0.04316546762589928,224.57526433178026,True
SCR,Secunderabad West,500,morning_peak,219,135,1989,663.0,0.8233467867122012,maintained,0.782608695652174,0.04524886877828054,224.57526433178026,True
SCR,Secunderabad West,500,night,183,98,1465,488.3333333333333,0.6064369243506157,maintained,1.267605633802817,0.06143344709897612,224.57526433178026,True
SCR,Secunderabad West,800,evening_peak,343,211,4411,1102.75,1.0,maintained,0.633245382585752,0.02720471548401723,224.57526433178026,True
SCR,Secunderabad West,800,late_night,46,13,124,24.8,0.022489231466787576,collapsed,21.428571428571427,1.2096774193548385,224.57526433178026,True
SCR,Secunderabad West,800,midday,374,237,5793,965.5,0.8755384266606212,maintained,0.6463195691202872,0.03107198342827551,224.57526433178026,True
SCR,Secunderabad West,800,morning_peak,323,196,2808,936.0,0.8487871231013375,maintained,0.782608695652174,0.032051282051282055,224.57526433178026,True
SCR,Secunderabad West,800,night,247,130,1984,661.3333333333334,0.5997128391143354,maintained,1.267605633802817,0.04536290322580645,224.57526433178026,True
STD,Stadium,300,evening_peak,72,51,537,134.25,1.0,maintained,3.037974683544304,0.223463687150838,210.48953144338185,True
STD,Stadium,300,late_night,7,6,18,3.6,0.026815642458100558,collapsed,33.333333333333336,8.333333333333332,210.48953144338185,True
STD,Stadium,300,midday,69,60,700,116.66666666666667,0.8690254500310367,maintained,3.364485981308411,0.2571428571428572,210.48953144338185,True
STD,Stadium,300,morning_peak,66,48,332,110.66666666666667,0.824332712600869,maintained,3.1578947368421053,0.27108433734939763,210.48953144338185,True
STD,Stadium,300,night,51,28,275,91.66666666666667,0.6828057107386717,maintained,3.6,0.32727272727272727,210.48953144338185,True
STD,Stadium,500,evening_peak,72,51,537,134.25,1.0,maintained,3.037974683544304,0.223463687150838,210.48953144338185,True
STD,Stadium,500,late_night,7,6,18,3.6,0.026815642458100558,collapsed,33.333333333333336,8.333333333333332,210.48953144338185,True
STD,Stadium,500,midday,69,60,700,116.66666666666667,0.8690254500310367,maintained,3.364485981308411,0.2571428571428572,210.48953144338185,True
STD,Stadium,500,morning_peak,66,48,332,110.66666666666667,0.824332712600869,maintained,3.1578947368421053,0.27108433734939763,210.48953144338185,True
STD,Stadium,500,night,51,28,275,91.66666666666667,0.6828057107386717,maintained,3.6,0.32727272727272727,210.48953144338185,True
STD,Stadium,800,evening_peak,93,61,704,176.0,1.0,maintained,3.037974683544304,0.17045454545454541,210.48953144338185,True
STD,Stadium,800,late_night,14,7,28,5.6,0.031818181818181815,collapsed,33.333333333333336,5.3571428571428585,210.48953144338185,True
STD,Stadium,800,midday,95,72,934,155.66666666666666,0.8844696969696969,maintained,3.364485981308411,0.19271948608137046,210.48953144338185,True
STD,Stadium,800,morning_peak,79,59,418,139.33333333333334,0.7916666666666667,maintained,3.1578947368421053,0.215311004784689,210.48953144338185,True
STD,Stadium,800,night,70,34,365,121.66666666666667,0.6912878787878788,maintained,3.6,0.24657534246575344,210.48953144338185,True
SUB,Sultan Bazar,300,evening_peak,91,74,1225,306.25,1.0,maintained,1.6666666666666667,0.09795918367346938,46.48547042178161,True
SUB,Sultan Bazar,300,late_night,13,10,37,7.4,0.02416326530612245,collapsed,30.0,4.054054054054055,46.48547042178161,True
SUB,Sultan Bazar,300,midday,104,77,1595,265.8333333333333,0.8680272108843536,maintained,2.011173184357542,0.11285266457680251,46.48547042178161,True
SUB,Sultan Bazar,300,morning_peak,95,70,865,288.3333333333333,0.9414965986394557,maintained,2.4324324324324325,0.10404624277456649,46.48547042178161,True
SUB,Sultan Bazar,300,night,66,48,534,178.0,0.5812244897959183,maintained,4.0,0.16853932584269662,46.48547042178161,True
SUB,Sultan Bazar,500,evening_peak,148,113,1640,410.0,1.0,maintained,1.6666666666666667,0.07317073170731708,46.48547042178161,True
SUB,Sultan Bazar,500,late_night,19,13,45,9.0,0.02195121951219512,collapsed,30.0,3.333333333333334,46.48547042178161,True
SUB,Sultan Bazar,500,midday,162,115,2136,356.0,0.8682926829268293,maintained,2.011173184357542,0.08426966292134833,46.48547042178161,True
SUB,Sultan Bazar,500,morning_peak,159,108,1205,401.6666666666667,0.9796747967479675,maintained,2.4324324324324325,0.07468879668049794,46.48547042178161,True
SUB,Sultan Bazar,500,night,110,73,739,246.33333333333334,0.6008130081300813,maintained,4.0,0.12178619756427606,46.48547042178161,True
SUB,Sultan Bazar,800,evening_peak,185,143,2124,531.0,1.0,maintained,1.6666666666666667,0.05649717514124294,46.48547042178161,True
SUB,Sultan Bazar,800,late_night,29,18,65,13.0,0.02448210922787194,collapsed,30.0,2.307692307692308,46.48547042178161,True
SUB,Sultan Bazar,800,midday,205,150,2809,468.1666666666667,0.8816698053986189,maintained,2.011173184357542,0.06407974368102529,46.48547042178161,True
SUB,Sultan Bazar,800,morning_peak,191,132,1521,507.0,0.9548022598870056,maintained,2.4324324324324325,0.0591715976331361,46.48547042178161,True
SUB,Sultan Bazar,800,night,135,88,960,320.0,0.6026365348399246,maintained,4.0,0.09375,46.48547042178161,True
TAR,Tarnaka,300,evening_peak,36,36,199,49.75,1.0,maintained,7.2727272727272725,0.6030150753768845,118.02675396797397,True
TAR,Tarnaka,300,late_night,2,2,2,0.4,0.008040201005025126,no_service,300.0,75.0,118.02675396797397,False
TAR,Tarnaka,300,midday,36,32,256,42.666666666666664,0.8576214405360133,maintained,6.101694915254237,0.7031250000000001,118.02675396797397,True
TAR,Tarnaka,300,morning_peak,39,35,148,49.333333333333336,0.9916247906197655,maintained,6.666666666666667,0.6081081081081081,118.02675396797397,True
TAR,Tarnaka,300,night,18,18,75,25.0,0.5025125628140703,maintained,10.588235294117647,1.2000000000000002,118.02675396797397,True
TAR,Tarnaka,500,evening_peak,126,88,855,213.75,1.0,maintained,3.037974683544304,0.14035087719298242,118.02675396797397,True
TAR,Tarnaka,500,late_night,14,11,44,8.8,0.041169590643274856,collapsed,21.428571428571427,3.409090909090909,118.02675396797397,True
TAR,Tarnaka,500,midday,126,98,1100,183.33333333333334,0.8576998050682262,maintained,3.364485981308411,0.16363636363636364,118.02675396797397,True
TAR,Tarnaka,500,morning_peak,122,77,586,195.33333333333334,0.9138401559454191,maintained,3.0508474576271185,0.1535836177474403,118.02675396797397,True
TAR,Tarnaka,500,night,80,46,409,136.33333333333334,0.6378167641325536,maintained,4.186046511627907,0.22004889975550124,118.02675396797397,True
TAR,Tarnaka,800,evening_peak,127,88,864,216.0,1.0,maintained,3.037974683544304,0.13888888888888887,118.02675396797397,True
TAR,Tarnaka,800,late_night,14,11,44,8.8,0.040740740740740744,collapsed,21.428571428571427,3.409090909090909,118.02675396797397,True
TAR,Tarnaka,800,midday,126,98,1101,183.5,0.8495370370370371,maintained,3.364485981308411,0.16348773841961853,118.02675396797397,True
TAR,Tarnaka,800,morning_peak,122,77,589,196.33333333333334,0.9089506172839507,maintained,3.0508474576271185,0.15280135823429544,118.02675396797397,True
TAR,Tarnaka,800,night,81,46,411,137.0,0.6342592592592593,maintained,4.186046511627907,0.21897810218978103,118.02675396797397,True
UPL,Uppal,300,evening_peak,124,97,1127,281.75,1.0,maintained,1.7142857142857142,0.10647737355811893,17.69969999985165,True
UPL,Uppal,300,late_night,21,12,70,14.0,0.049689440993788817,collapsed,16.666666666666668,2.1428571428571432,17.69969999985165,True
UPL,Uppal,300,midday,125,104,1462,243.66666666666666,0.8648328896776102,maintained,1.6981132075471699,0.12311901504787963,17.69969999985165,True
UPL,Uppal,300,morning_peak,114,92,775,258.3333333333333,0.9168884945282461,maintained,1.5126050420168067,0.11612903225806452,17.69969999985165,True
UPL,Uppal,300,night,89,57,642,214.0,0.7595385980479148,maintained,1.935483870967742,0.14018691588785048,17.69969999985165,True
UPL,Uppal,500,evening_peak,124,97,1127,281.75,1.0,maintained,1.7142857142857142,0.10647737355811893,17.69969999985165,True
UPL,Uppal,500,late_night,21,12,70,14.0,0.049689440993788817,collapsed,16.666666666666668,2.1428571428571432,17.69969999985165,True
UPL,Uppal,500,midday,125,104,1462,243.66666666666666,0.8648328896776102,maintained,1.6981132075471699,0.12311901504787963,17.69969999985165,True
UPL,Uppal,500,morning_peak,114,92,775,258.3333333333333,0.9168884945282461,maintained,1.5126050420168067,0.11612903225806452,17.69969999985165,True
UPL,Uppal,500,night,89,57,642,214.0,0.7595385980479148,maintained,1.935483870967742,0.14018691588785048,17.69969999985165,True
UPL,Uppal,800,evening_peak,126,97,1139,284.75,1.0,maintained,1.7142857142857142,0.10535557506584725,17.69969999985165,True
UPL,Uppal,800,late_night,21,12,71,14.2,0.04986830553116769,collapsed,16.666666666666668,2.1126760563380285,17.69969999985165,True
UPL,Uppal,800,midday,128,105,1506,251.0,0.8814749780509219,maintained,1.6981132075471699,0.1195219123505976,17.69969999985165,True
UPL,Uppal,800,morning_peak,115,92,780,260.0,0.913081650570676,maintained,1.5126050420168067,0.11538461538461539,17.69969999985165,True
UPL,Uppal,800,night,91,58,666,222.0,0.7796312554872695,maintained,1.935483870967742,0.13513513513513517,17.69969999985165,True
VOM,Victoria Memorial,300,evening_peak,83,40,471,117.75,1.0,maintained,4.0,0.25477707006369427,87.92658239656369,True
VOM,Victoria Memorial,300,late_night,4,2,9,1.8,0.015286624203821656,collapsed,50.0,16.666666666666664,87.92658239656369,True
VOM,Victoria Memorial,300,midday,70,46,637,106.16666666666667,0.9016277423920737,maintained,4.444444444444445,0.282574568288854,87.92658239656369,True
VOM,Victoria Memorial,300,morning_peak,91,55,388,129.33333333333334,1.0983722576079264,maintained,4.5,0.23195876288659795,87.92658239656369,True
VOM,Victoria Memorial,300,night,50,23,234,78.0,0.6624203821656051,maintained,4.864864864864865,0.3846153846153847,87.92658239656369,True
VOM,Victoria Memorial,500,evening_peak,86,43,513,128.25,1.0,maintained,4.0,0.23391812865497064,87.92658239656369,True
VOM,Victoria Memorial,500,late_night,4,2,9,1.8,0.014035087719298246,collapsed,50.0,16.666666666666664,87.92658239656369,True
VOM,Victoria Memorial,500,midday,74,49,689,114.83333333333333,0.8953866146848602,maintained,4.444444444444445,0.2612481857764877,87.92658239656369,True
VOM,Victoria Memorial,500,morning_peak,94,58,423,141.0,1.0994152046783625,maintained,4.5,0.2127659574468085,87.92658239656369,True
VOM,Victoria Memorial,500,night,53,26,253,84.33333333333333,0.6575698505523067,maintained,4.864864864864865,0.35573122529644263,87.92658239656369,True
VOM,Victoria Memorial,800,evening_peak,92,43,561,140.25,1.0,maintained,4.0,0.21390374331550796,87.92658239656369,True
VOM,Victoria Memorial,800,late_night,4,2,9,1.8,0.012834224598930482,collapsed,50.0,16.666666666666664,87.92658239656369,True
VOM,Victoria Memorial,800,midday,83,49,743,123.83333333333333,0.8829471182412358,maintained,4.444444444444445,0.2422611036339166,87.92658239656369,True
VOM,Victoria Memorial,800,morning_peak,102,62,456,152.0,1.0837789661319073,maintained,4.5,0.19736842105263158,87.92658239656369,True
VOM,Victoria Memorial,800,night,63,27,282,94.0,0.6702317290552585,maintained,4.864864864864865,0.3191489361702128,87.92658239656369,True
YUG,Yusufguda,300,evening_peak,15,18,242,60.5,1.0,maintained,2.0168067226890756,0.49586776859504145,169.9593395930598,True
YUG,Yusufguda,300,late_night,2,0,5,1.0,0.01652892561983471,collapsed,75.0,30.0,169.9593395930598,True
YUG,Yusufguda,300,midday,16,15,270,45.0,0.743801652892562,maintained,2.7906976744186047,0.6666666666666666,169.9593395930598,True
YUG,Yusufguda,300,morning_peak,13,13,151,50.333333333333336,0.8319559228650139,maintained,2.4324324324324325,0.5960264900662251,169.9593395930598,True
YUG,Yusufguda,300,night,8,8,117,39.0,0.6446280991735537,maintained,2.8125,0.7692307692307692,169.9593395930598,True
YUG,Yusufguda,500,evening_peak,15,18,242,60.5,1.0,maintained,2.0168067226890756,0.49586776859504145,169.9593395930598,True
YUG,Yusufguda,500,late_night,2,0,5,1.0,0.01652892561983471,collapsed,75.0,30.0,169.9593395930598,True
YUG,Yusufguda,500,midday,16,15,270,45.0,0.743801652892562,maintained,2.7906976744186047,0.6666666666666666,169.9593395930598,True
YUG,Yusufguda,500,morning_peak,13,13,151,50.333333333333336,0.8319559228650139,maintained,2.4324324324324325,0.5960264900662251,169.9593395930598,True
YUG,Yusufguda,500,night,8,8,117,39.0,0.6446280991735537,maintained,2.8125,0.7692307692307692,169.9593395930598,True
YUG,Yusufguda,800,evening_peak,15,18,269,67.25,1.0,maintained,2.0168067226890756,0.44609665427509304,169.9593395930598,True
YUG,Yusufguda,800,late_night,2,0,6,1.2,0.017843866171003718,collapsed,60.0,25.0,169.9593395930598,True
YUG,Yusufguda,800,midday,16,15,300,50.0,0.7434944237918215,maintained,2.7906976744186047,0.6000000000000001,169.9593395930598,True
YUG,Yusufguda,800,morning_peak,13,13,164,54.666666666666664,0.8128872366790582,maintained,2.4324324324324325,0.5487804878048781,169.9593395930598,True
YUG,Yusufguda,800,night,8,8,133,44.333333333333336,0.6592317224287485,maintained,2.8125,0.6766917293233082,169.9593395930598,True
